SEX,CURICULUM,LOCAL_CAPITAL,PREV_DEGREE,GPA,RELIGION,FUND,CUM_GPA,COUNT_TERM,PARENTS_INCOME,PARENTS_MARRIED,DROPOUT
0,0,0,0,2.93,0,0,2.72,1,34000,1,1
0,0,0,1,3.33,0,0,2.57,1,10000,1,1
1,0,1,0,3.21,0,0,3.04,1,7500,2,1
1,0,1,0,3,0,0,2.58,1,4250,3,1
1,0,1,0,3.25,0,0,3.07,1,11000,1,1
1,0,0,0,3.62,0,0,3.53,1,6000,1,1
1,0,1,0,3.45,0,0,3.06,1,9000,1,1
0,0,0,0,3.04,0,0,3.55,1,5000,2,1
0,0,1,0,3.09,0,0,3.14,1,25000,1,1
0,0,1,0,3.4,0,0,2.74,1,3250,0,1
1,0,1,0,3.21,0,0,2.54,1,6000,0,1
1,0,1,0,3.37,1,0,3.03,1,5000,1,1
1,0,1,0,3.2,0,0,3.39,1,21000,1,1
0,0,1,0,2.62,0,0,3.22,1,7500,1,1
1,0,0,0,3.17,0,0,2.34,3,22500,1,1
0,0,0,0,3.39,0,0,3.32,1,10000,1,1
1,0,0,0,3.69,0,0,2.64,1,5000,1,1
0,0,0,0,3.02,0,0,3.16,1,45000,1,1
0,0,1,0,3.66,0,0,3.34,1,34000,1,1
0,1,0,0,2.97,0,0,2.64,1,19762,1,1
1,1,0,0,3.01,0,0,2.7,1,15000,1,1
1,1,0,0,3.15,0,0,3.46,1,4250,1,1
1,1,1,0,3.26,0,0,2.69,1,30000,1,1
1,1,1,0,3.04,0,0,2.59,1,25000,1,1
1,1,1,0,2.86,0,0,2.52,1,10000,1,1
1,1,1,0,2.86,1,0,2.35,1,5000,1,1
1,1,1,0,2.73,0,0,3.34,1,4000,1,1
1,1,0,0,3.11,0,0,2.81,1,4000,1,1
1,1,1,0,3.07,0,0,2.73,1,4750,1,1
0,1,0,0,3.15,0,0,3.48,1,3000,1,1
0,1,1,0,3.35,0,0,2.63,1,6750,1,1
0,1,0,0,3.26,0,0,2.22,2,7500,1,1
0,1,1,0,3.04,1,0,1.88,1,9500,1,0
1,0,0,0,3.29,0,0,3.01,3,17500,1,1
0,1,0,0,2.42,0,0,1.96,10,15000,1,0
0,1,1,0,2.2,1,0,1.88,13,10000,1,0
0,1,0,0,2.5,0,0,3.01,10,6750,1,1
0,1,0,0,2.53,0,0,3.03,8,18000,1,1
0,1,1,0,2.77,0,0,3.04,9,10000,1,1
1,1,0,0,2.82,0,0,2.83,9,4000,1,1
1,1,1,0,2.61,0,0,2.52,9,20000,1,1
1,1,0,0,2.98,0,0,1.83,6,4500,0,0
1,1,0,0,2.25,0,0,2.4,11,6500,0,1
1,1,1,0,3.49,0,0,3.06,9,8000,1,1
1,1,1,0,2.84,0,0,2.21,11,17500,1,1
1,0,1,0,3.64,0,1,3.52,8,11500,1,1
1,0,1,2,3.41,0,0,2.12,13,12000,1,1
1,0,0,2,3.44,0,0,2.96,8,27500,1,1
1,0,1,0,3.34,0,0,2.48,9,10000,1,1
1,0,1,0,3.04,0,0,2.74,9,15000,1,1
1,0,1,2,3.15,0,0,2.26,11,17500,0,1
0,0,1,0,3.42,0,0,3.1,8,7500,1,1
1,0,1,0,2.96,0,0,3.08,8,35000,1,1
1,0,1,2,3.88,0,0,3.59,9,3750,1,1
1,0,1,0,2.64,1,0,1.97,7,55000,1,0
1,0,1,2,2.58,0,0,2.44,10,10000,3,1
0,0,1,2,3.41,0,0,3.08,8,13995,1,1
0,0,1,2,3.64,0,0,3.56,8,8000,1,1
1,0,0,0,3.13,1,0,2.89,10,37500,1,1
0,0,1,2,3.19,0,0,2.99,8,10500,1,1
0,0,1,0,3.76,0,0,2.63,8,36030,1,1
0,0,1,2,3.1,0,0,2.37,12,21000,1,1
0,0,0,0,3.17,0,0,2.91,8,9500,2,1
1,0,0,0,2.84,0,0,2.23,9,37500,1,1
0,0,1,2,3.72,0,0,3.33,8,20000,0,1
1,0,0,2,3.57,0,0,3.41,8,4000,1,1
0,0,1,2,2.94,0,0,2.81,8,30000,1,1
0,0,1,0,3.06,0,0,2.77,8,34500,1,1
0,0,1,0,3.18,0,0,2.93,8,26250,2,1
1,1,1,0,3.19,1,0,3.18,9,7000,1,1
0,1,0,2,3.09,0,0,1.69,3,15000,1,0
0,1,0,0,1.99,0,0,2.4,2,12000,1,0
0,1,1,2,2.5,0,0,2.54,10,19500,1,1
0,1,0,2,2.83,0,0,2.15,10,25000,2,1
1,1,1,0,3.13,0,0,3.01,8,20000,1,1
1,1,0,0,2.68,0,0,2.77,9,14000,2,1
0,0,0,0,3.18,0,0,2.97,7,17500,1,1
0,0,1,0,2.88,0,0,3.37,7,45500,1,1
0,0,1,0,3.89,0,0,2.8,8,11000,1,1
0,0,0,2,3.2,0,0,2.88,7,0,1,1
1,0,0,2,3.37,0,0,3.15,9,42500,1,1
0,0,1,2,3.23,0,0,2.96,8,37000,1,1
1,0,1,0,3.84,0,0,2.46,7,118000,1,1
1,0,1,0,3.56,0,0,3.52,7,9500,1,1
0,0,0,0,2.78,0,0,2.59,9,20000,1,1
1,0,1,0,3.49,0,0,3.04,7,20000,1,1
1,0,1,0,3.55,0,0,2.78,7,49999,3,1
0,0,0,0,3.01,0,0,2.18,2,42500,1,0
1,0,1,0,3.56,0,0,2.34,7,25000,1,1
1,0,1,0,3.42,0,0,2.12,2,5000,0,0
0,0,0,0,2.71,0,0,2.43,7,74999,3,1
1,0,0,2,2.86,0,0,2.86,9,20000,0,1
0,0,0,0,2.43,0,0,0.56,1,15000,1,0
1,0,0,2,3.9,1,0,3.47,7,7000,1,1
1,0,0,0,3.33,0,0,2.91,7,55000,1,1
1,0,0,2,3.33,0,0,3.14,7,25000,1,1
1,0,0,0,3.41,0,0,3.3,8,43000,1,1
1,1,1,2,3.28,0,0,2.36,7,4000,1,1
0,1,1,2,1.9,0,0,2.64,7,21000,1,1
1,0,1,0,3.29,0,0,2.91,6,17500,2,1
1,0,1,2,2.71,0,0,2.41,7,40000,1,1
0,0,1,2,3.27,0,0,2.89,2,37865,1,0
1,0,0,0,2.9,0,0,3.16,5,20000,1,1
1,0,1,2,3.62,0,0,3.47,5,5000,2,1
1,0,1,0,2.81,0,0,2.9,5,45000,1,1
1,0,1,2,3.54,0,0,0.18,1,42500,1,0
0,0,0,0,2.93,0,0,2.74,2,22500,1,0
0,1,0,0,2.01,0,0,2.05,8,15000,1,1
1,1,0,0,2.15,0,0,2.34,7,7000,1,1
0,1,0,0,2.21,1,0,2.24,7,4000,1,1
1,1,0,0,2.59,0,0,2.72,6,11500,1,1
1,1,1,0,3.28,0,0,2.57,6,7500,3,1
1,1,0,0,2.41,0,0,2.57,6,14500,1,1
1,1,0,0,3.19,1,0,2.87,7,10000,1,1
0,1,1,0,2.02,0,0,2.25,6,30000,1,1
0,1,1,0,2.31,0,0,3.27,5,23475,1,1
1,0,1,0,3.59,0,0,3.25,9,0,1,1
1,0,1,0,3.55,0,0,2.76,9,7500,3,1
1,0,1,0,3.64,1,0,2.78,9,14000,1,1
1,0,0,0,3.3,0,0,3.16,9,6000,1,1
1,0,1,0,3.5,0,0,3.41,7,15000,0,1
0,0,1,0,3.2,0,0,3.17,7,19000,0,1
1,0,0,0,3.42,0,0,2.75,8,34250,1,1
1,0,1,0,2.95,0,0,2.77,8,6250,1,1
1,0,0,0,3.43,1,0,2.86,8,3000,1,1
0,0,1,0,3.86,0,0,3.85,7,15000,1,1
0,0,1,0,3.55,0,0,1.73,3,15000,1,0
1,0,1,0,3.41,0,0,2.55,7,10000,1,1
1,0,1,0,3.16,0,0,2.77,7,9500,1,1
1,0,0,0,3.44,0,0,2.88,8,15000,1,1
1,0,1,0,3.35,0,0,2.71,8,20000,1,1
1,0,1,0,3.01,0,0,2.53,7,12500,1,1
1,0,0,0,3.68,1,0,2.83,8,6000,1,1
1,0,1,0,3.31,0,0,2.78,9,7000,1,1
1,0,1,0,3.02,0,0,2.16,14,16725,1,1
1,0,0,0,3.57,0,0,2.98,9,50000,1,1
1,0,0,0,3.45,0,0,3.63,9,30000,1,1
1,0,0,0,3.21,0,0,2.95,7,6000,3,1
1,0,1,0,3.23,0,0,2.32,9,30000,1,1
1,1,0,0,2.59,0,0,3.15,8,10000,1,1
0,1,0,0,3.43,0,0,3.03,9,5650,1,1
1,1,1,0,2.98,0,0,2.91,8,15000,1,1
1,0,0,0,3.25,1,0,3.11,9,25000,3,1
1,0,1,0,3.41,0,0,2.97,9,5000,3,1
1,0,1,0,3.18,0,0,2.56,10,10000,1,1
1,0,1,0,2.94,1,0,3.03,8,22500,1,1
0,0,1,2,2.72,0,0,2.31,10,17500,1,1
1,1,0,0,3.26,0,0,3.48,9,27500,1,1
1,1,0,0,3.09,0,0,2.91,8,12500,1,1
0,0,1,2,3.11,0,0,3.12,8,28955,1,1
0,0,0,2,3.19,0,0,2.31,8,10000,1,1
0,0,0,0,2.88,0,0,2.2,10,100000,1,1
0,0,0,0,3.11,0,0,2.73,8,15000,1,1
1,0,0,0,3.34,0,0,2.87,8,5000,1,1
1,0,0,0,2.89,0,0,3.52,10,22500,1,1
1,0,1,0,3.5,0,0,3.64,10,36000,2,1
1,0,0,0,3.62,1,0,3.79,8,6000,3,1
0,0,1,0,2.9,0,0,1.69,5,37500,1,0
0,0,1,0,3.22,0,0,2.91,9,7500,1,1
1,0,0,0,3.29,1,1,2.95,8,40000,1,1
1,0,1,0,3.47,0,0,3.4,8,20000,1,1
1,0,0,0,3.13,0,0,3.39,9,47500,1,1
1,0,1,0,3.25,0,0,3.08,8,6000,2,1
0,0,1,0,2.79,0,0,3.6,9,30000,1,1
1,0,0,0,3.21,0,0,3.31,9,15000,1,1
1,0,1,0,3.61,0,0,3.68,8,25000,1,1
1,0,0,0,3.38,0,0,3.66,8,100000,1,1
1,0,0,0,3.43,0,0,2.77,2,44500,1,0
1,0,0,2,2.33,0,0,2.69,10,17500,1,1
0,0,1,2,3.87,1,0,3.72,5,28000,1,1
1,1,1,0,2.77,0,0,2.29,10,53749,3,1
1,1,0,0,2.59,0,0,2.53,9,30000,1,1
0,1,0,0,2.33,0,0,2.82,9,37500,1,1
0,1,1,2,2.34,0,0,2.56,10,7000,1,1
1,1,0,2,3.43,0,0,2.65,9,59999,3,1
1,1,1,2,3.38,0,0,2.67,9,6000,1,1
1,1,1,2,2.9,0,0,1.84,5,5000,1,0
1,1,0,0,3.29,0,0,2.71,6,6850,0,1
1,1,1,0,2.94,0,0,3.39,9,3500,1,1
1,1,1,0,2.3,0,0,2.09,10,12000,1,1
1,1,0,0,2.35,0,0,2.79,1,32500,1,0
0,1,1,0,1.82,0,0,2.3,13,22500,1,1
1,1,1,0,2.37,0,0,0,0,12500,1,0
0,1,0,0,2.2,0,0,2.36,9,70000,1,1
0,1,0,0,2.91,0,0,3.33,7,5000,1,1
1,1,0,0,2.66,1,0,1.77,9,6000,1,0
1,1,1,0,3.28,1,0,2.96,1,12790,1,0
0,1,0,0,2.58,0,0,2.06,1,8250,1,0
1,1,1,0,3.48,0,0,3.13,8,21180,1,1
1,1,1,0,2.32,0,0,2.58,9,45000,1,1
1,1,0,0,2.71,0,0,2.48,10,14250,1,1
1,1,1,0,2.95,0,0,3.2,7,4750,1,1
1,1,1,0,3.33,0,0,2.84,9,11500,0,1
1,1,0,0,3.13,0,0,3.47,7,4750,1,1
1,1,0,0,1.76,0,0,2.17,11,30000,1,1
1,1,0,0,2.57,0,0,2.07,12,4000,1,1
1,1,0,0,2.97,0,0,2.22,9,44270,1,1
1,1,1,0,2.5,0,0,2.06,10,5050,1,1
1,0,1,0,3.18,0,0,3.4,8,15000,1,1
0,0,0,0,3.41,0,0,2.56,8,20000,1,1
1,0,0,0,3.45,0,0,2.99,9,25000,1,1
0,0,1,0,2.95,0,0,2.9,8,35000,1,1
0,0,1,0,2.76,1,0,2.4,8,4500,1,1
1,0,1,0,3.34,0,0,2.99,10,75000,1,1
1,0,1,0,2.71,1,0,0.23,1,1650,1,0
0,0,1,0,3.2,1,0,2.24,10,30000,0,1
0,0,0,0,2.41,0,0,2.09,15,41500,1,1
1,0,1,0,3.32,0,0,2.44,9,2500,1,1
1,0,1,0,3.06,0,0,2.8,9,24010,1,1
1,0,1,0,3.36,0,0,2.59,9,26000,1,1
1,0,1,0,3.16,0,0,3.31,10,50000,1,1
1,0,1,0,2.44,0,0,0.51,2,100000,1,0
1,0,1,0,3.24,0,0,3.51,8,3000,3,1
1,1,0,0,2.59,0,0,2.16,9,57499,2,1
1,1,0,0,2.6,0,0,2.43,9,15000,1,1
1,1,1,0,3.32,0,0,3.76,8,6250,2,1
0,1,0,2,3.05,0,0,2.18,10,29000,1,1
1,1,0,0,2.97,0,0,3,8,15000,1,1
1,1,1,2,3.2,0,0,3.04,8,13000,0,1
1,1,0,0,2.32,0,0,2.18,14,10500,1,1
1,1,0,2,2.83,0,0,2.01,2,15000,1,0
1,0,1,2,2.85,0,0,2.6,9,17050,1,1
1,0,0,2,3.6,0,0,3.29,8,30000,1,1
1,0,0,0,3.69,1,0,3.49,8,5000,1,1
1,0,1,2,3.72,0,0,3.03,9,20000,1,1
1,0,1,2,3.56,1,1,0.53,1,51499,3,0
1,0,0,0,3.5,1,0,2.89,9,17000,1,1
1,0,1,2,3.43,0,0,3.65,8,40000,1,1
1,0,0,0,3.55,0,0,3.62,8,21500,1,1
1,0,1,2,3.3,0,0,3.14,10,42500,1,1
1,0,0,0,3.3,0,0,3.21,8,49000,0,1
1,0,0,0,3.64,0,0,3.42,10,30000,2,1
1,0,0,2,3.66,0,0,3.64,9,25000,1,1
1,0,0,2,2.94,0,0,2.9,10,72499,3,1
1,0,0,2,3.3,0,0,2.55,9,31350,1,1
0,0,1,0,2.97,0,0,3.3,9,41500,1,1
0,0,1,0,3.02,0,0,2.79,9,17500,1,1
1,0,1,2,3.37,0,1,2.6,9,41500,1,1
1,0,1,0,3.32,0,0,2.83,10,15000,1,1
1,0,1,0,3.37,0,0,3.78,8,4915,1,1
1,1,1,0,3.11,0,0,3.75,8,0,1,1
1,1,1,2,2.37,1,0,0.96,1,5000,1,0
1,1,0,0,2.33,0,0,2.84,9,8500,1,1
1,1,1,0,3.52,0,0,3.19,9,17000,2,1
1,1,0,0,2.17,0,0,1.7,8,15500,2,0
1,1,1,2,3.06,0,0,3.01,9,6500,1,1
1,0,1,0,3.34,0,0,3.48,3,11000,1,1
0,0,1,2,2.78,0,0,2.3,3,65000,1,1
0,0,0,2,2.98,0,0,2.39,4,30000,1,1
0,0,0,0,2.9,0,0,3.01,3,59500,1,1
1,0,0,0,2.95,0,0,2.55,3,37000,1,1
0,0,0,0,3,0,0,2.69,3,12500,1,1
0,0,0,0,2.98,0,0,2.7,3,30000,1,1
1,0,1,2,3.47,1,0,2.93,3,15000,1,1
1,0,0,2,3.18,0,0,2.84,4,7500,1,1
1,0,1,2,3.03,0,0,3.43,3,57499,3,1
1,1,0,0,2.83,0,0,3.57,3,20000,1,1
0,1,0,0,2.33,0,0,2.81,4,30000,1,1
0,1,0,2,2.9,0,0,3.14,3,30000,1,1
1,1,0,0,2.75,0,0,2.78,3,53499,3,1
0,1,1,0,2.74,0,0,3.08,3,15000,1,1
0,1,1,2,2.67,1,0,3.04,3,55499,3,1
1,1,0,0,2.65,0,0,2.72,3,10000,1,1
1,1,1,2,2.5,0,0,2.04,3,50000,1,1
0,1,0,0,2.25,0,0,2.95,3,50000,1,1
0,1,0,2,2.68,0,0,3.39,3,40000,1,1
1,1,0,0,3,0,0,3.65,3,13500,1,1
0,1,1,0,2.9,0,0,2.25,3,6000,2,1
1,1,1,0,2.27,0,0,2.72,3,10000,1,1
0,1,0,0,2.14,0,0,2.59,3,15000,1,1
0,1,1,0,2.28,0,0,2.9,3,15000,1,1
1,0,0,0,3.54,0,0,1.77,1,20000,1,0
1,0,1,0,3.26,0,0,2.28,0,6500,1,1
0,0,0,0,3.02,0,0,3.02,1,1250,3,1
0,0,0,0,3.13,1,0,3.4,1,4500,1,1
0,0,0,0,2.97,0,0,3.21,1,12860,1,1
1,0,1,0,3.05,0,0,3.69,1,31760,2,1
1,0,0,0,3.06,0,0,2.6,1,25000,1,1
1,0,0,1,3.55,0,0,2.94,1,25075,0,1
1,0,1,0,3.42,0,0,3.37,1,4000,1,1
1,0,1,0,3.67,0,0,3.57,1,8000,1,1
1,0,1,0,3.23,0,0,2.91,1,16500,2,1
1,0,1,0,3.55,0,0,2.84,1,19500,1,1
1,0,1,0,3.61,0,0,3.05,1,3500,1,1
1,0,1,0,3.3,0,0,3.43,1,11500,1,1
1,0,0,0,3.64,0,0,3.65,1,5000,1,1
1,0,0,0,3.25,0,0,3.31,1,36000,1,1
1,0,0,0,3.56,0,0,2.61,1,15000,1,1
1,0,0,0,3.26,0,0,2.32,1,12500,1,1
1,0,0,0,3.43,0,0,3.54,1,11210,1,1
0,0,0,0,3.4,0,0,3.27,1,15000,1,1
1,1,0,0,2.82,0,0,2.65,1,40000,1,1
0,1,0,0,2.18,1,0,2.1,6,10000,1,1
1,0,1,0,2.88,0,0,2.48,4,10000,1,1
1,0,0,0,2.87,1,0,2.57,6,30000,1,1
1,0,1,0,3.65,0,0,3.35,3,7250,1,1
1,0,1,0,3.26,0,0,2.81,3,15000,1,1
1,0,1,0,3.24,0,0,2.68,3,5500,0,1
1,0,1,0,3.11,0,0,3,3,6500,1,1
0,0,1,0,3.21,0,0,3.22,3,17500,1,1
1,0,0,0,3.02,0,0,3.01,3,5500,1,1
1,0,1,0,2.9,0,0,2.8,3,5500,1,1
1,0,1,0,3.47,0,0,3.66,3,10000,1,1
1,0,0,0,3.72,1,0,3.36,3,14775,1,1
1,0,1,0,2.68,1,1,0.23,1,3000,1,0
0,0,0,0,2.56,0,0,3.52,7,12500,1,1
0,1,0,0,2.91,0,0,0.72,1,20000,1,0
0,1,1,0,2.96,1,0,0.51,2,6000,3,0
1,0,1,0,3.39,0,0,3.59,8,112500,1,1
1,0,1,0,3.38,0,0,0,1,30000,1,0
0,0,1,0,3.23,0,0,3.13,8,50000,1,1
1,0,1,0,3.63,0,0,3.39,9,10000,1,1
1,0,0,0,2.99,0,0,1.78,4,31470,1,0
1,0,0,0,2.54,0,0,2.15,11,20000,1,1
0,0,1,2,2.48,0,0,3.04,9,25000,1,1
1,0,1,0,3.11,1,0,2.47,8,5000,1,1
1,0,0,0,3.72,0,0,3.14,8,6250,1,1
0,0,1,2,3.29,0,0,2.85,10,45000,1,1
0,0,1,2,3.42,0,0,3.68,9,30000,2,1
1,0,0,0,3.62,0,0,3.51,8,7000,1,1
1,0,1,2,3.14,0,1,2.95,8,30000,1,1
1,0,1,2,2.96,0,0,2.38,9,2500,3,1
1,0,1,2,3.61,0,0,2.3,8,9000,1,1
1,0,1,2,3.5,0,0,3.46,8,8000,1,1
1,0,0,0,2.63,0,0,2.44,10,10000,3,1
0,0,1,0,3.33,0,0,2.64,8,37500,1,1
1,0,1,2,3.54,0,0,3.38,8,6250,1,1
0,1,1,2,2.28,0,0,2.54,9,28500,1,1
1,1,1,2,1.79,1,0,1.59,4,13000,1,0
1,1,0,2,3.02,1,0,2.66,9,20000,1,1
1,1,1,0,3.07,0,0,2.6,9,8000,1,1
0,1,0,0,2.86,1,0,2.15,11,7500,1,1
1,1,1,2,2.02,0,0,1.88,4,4500,1,0
0,1,1,0,2.04,1,0,2.11,16,2850,1,1
1,1,1,2,3.04,0,0,3.45,9,13000,1,1
0,1,0,2,2.34,0,0,2.44,11,15000,3,1
1,1,1,0,2.38,0,0,2.36,10,9000,1,1
0,1,1,2,2.25,0,0,2.09,10,50000,1,1
1,1,1,0,3.29,0,0,3.39,10,14500,1,1
1,0,1,0,2.75,0,0,2.25,11,10530,0,1
1,1,1,0,3.36,0,0,3.36,8,25000,1,1
1,1,0,0,2.92,0,0,3.13,8,15000,1,1
0,1,1,2,2.78,0,0,2.4,10,27500,1,1
0,1,0,0,3.42,0,0,3.37,8,4500,0,1
0,1,0,0,2.59,0,0,2.52,10,59500,2,1
1,1,0,0,2.88,0,0,2.7,10,50000,1,1
1,1,1,0,3.03,0,0,2.78,9,10000,1,1
0,1,0,2,3.39,1,0,3.32,11,50000,1,1
1,1,1,0,3.12,0,0,3.1,9,20000,1,1
1,1,0,0,3.2,0,0,2.6,9,30000,1,1
0,1,1,2,2.73,0,0,3.09,9,10000,1,1
0,1,0,2,3.52,0,0,2.28,8,44000,1,1
1,1,1,2,2.89,0,0,2.95,7,25000,1,1
0,0,0,0,2.35,0,0,2.47,10,50000,2,1
1,0,1,2,3.08,0,0,3.08,8,50000,1,1
1,0,0,0,3.61,1,0,2.88,7,14000,1,1
0,0,0,0,3.03,0,0,2.84,2,25000,1,0
1,0,1,0,3.39,0,0,2.91,8,30000,1,1
0,0,1,0,2.86,0,0,2.21,8,12500,1,1
0,0,0,2,2.67,0,0,2.62,8,74830,1,1
0,0,1,2,2.22,0,0,1.93,9,69889,3,1
0,0,1,0,3.49,0,0,3.51,7,10500,1,1
0,0,0,0,3.47,0,0,3.03,8,49999,3,1
0,0,1,2,3.48,0,1,3.38,7,32000,1,1
0,0,1,0,2.9,0,0,2.37,8,27500,1,1
0,0,0,0,3.31,1,0,2.87,7,68499,3,1
0,0,1,0,2.77,1,0,2.87,8,30000,1,1
1,0,1,2,2.64,0,0,2.45,8,9000,2,1
1,0,1,0,3.74,0,0,3.16,8,30000,1,1
1,0,1,0,3.68,0,0,2.95,8,65000,1,1
0,0,1,2,3.41,0,0,2.39,9,30000,1,1
0,0,1,2,3.73,0,0,3.1,2,30000,1,0
1,1,1,2,2.77,0,0,2.79,8,17500,1,1
1,1,1,0,3.03,0,0,2.59,9,14000,1,1
0,1,1,0,3.2,1,0,2.44,9,40000,1,1
0,1,0,0,2.71,0,0,3.28,7,13500,1,1
0,1,0,0,2.53,1,0,2.43,8,4000,1,1
1,1,1,0,3.42,0,0,2.82,8,25000,1,1
1,0,1,0,3.61,0,1,2.96,2,6745,1,0
1,0,1,0,2.89,0,0,3.43,9,23520,1,1
1,0,1,0,3.2,0,0,2.52,8,15000,1,1
0,0,1,0,2.89,0,0,2.86,9,10000,1,1
0,0,0,0,2.78,0,0,3.25,9,37500,1,1
1,0,0,0,3.33,1,0,2.41,9,7000,1,1
1,0,0,0,2.8,0,0,2.29,9,60000,1,1
1,0,1,0,3.35,0,1,3.18,8,3500,1,1
0,0,0,0,3.3,0,0,3.51,9,8220,1,1
1,0,1,0,3.45,0,0,3.84,8,20000,1,1
0,0,1,0,3.52,0,0,2.92,9,13000,1,1
0,0,1,0,2.84,1,0,2.42,9,21500,1,1
1,0,1,0,3.57,0,0,2.88,9,10000,1,1
0,0,1,0,2.36,1,0,2.42,10,17500,1,1
1,0,1,0,3.55,0,0,2.6,9,4500,3,1
1,0,0,0,2.04,0,0,2.9,9,13500,1,1
1,0,1,0,3.32,0,0,2.25,11,10000,1,1
1,0,0,0,3.47,0,0,2.43,10,3500,2,1
0,0,1,0,3.04,0,0,3.21,8,42500,1,1
0,0,1,0,2.76,0,0,2.39,9,25000,1,1
1,1,0,0,2.83,0,0,3.47,10,10000,1,1
1,1,0,0,2.37,0,0,2.69,9,20500,2,1
1,1,0,0,2.48,0,0,2.7,10,22500,1,1
0,1,0,0,2.47,0,0,2.24,10,25000,0,1
1,1,0,0,2.65,0,0,2.31,9,3250,1,1
0,1,1,0,2.15,0,0,2.29,13,22000,1,1
0,1,0,0,2.37,0,0,0,2,80000,1,0
1,1,0,0,2.41,0,0,2.53,11,35000,1,1
1,1,1,0,2.61,0,0,2.61,10,6000,1,1
1,1,0,0,2.63,0,0,2.39,11,5000,1,1
1,1,1,0,2.67,1,0,2.17,10,15000,1,1
1,1,1,2,2.97,0,0,2.97,9,15000,1,1
0,0,0,0,3,0,0,2.54,10,32500,1,1
0,0,1,0,2.74,0,0,2.55,10,55000,1,1
1,0,1,2,3.21,0,0,2.78,9,15000,1,1
0,0,1,0,3.49,0,0,3.66,8,30000,1,1
1,0,1,0,3.3,0,0,2.7,9,6500,1,1
1,0,0,0,3.14,0,0,3.21,8,35000,1,1
1,0,1,0,3.14,0,0,3.1,8,10500,1,1
1,0,0,0,3.56,0,0,3.37,8,3000,1,1
1,0,1,0,3.46,1,0,2.38,9,15000,1,1
0,0,1,2,2.83,0,0,2.34,10,17500,2,1
1,0,1,0,3.57,0,0,3.31,8,17500,1,1
1,0,0,0,3.44,0,0,3.4,8,4500,0,1
0,0,1,0,2.81,1,0,2.76,8,67499,3,1
1,0,0,0,3.19,0,0,2.6,8,62499,3,1
0,0,1,0,2.94,0,0,1.97,8,20000,0,0
0,0,1,0,3.17,0,0,3.33,10,20000,1,1
1,0,1,0,3.16,0,0,2.56,10,13500,0,1
0,1,0,2,2.07,1,0,2.73,10,30000,1,1
1,1,0,0,2.88,0,0,3.32,8,33000,1,1
1,1,1,2,3.58,1,0,2.92,9,2500,1,1
1,1,1,2,3.03,0,0,2.62,9,7500,1,1
1,1,0,2,2.85,0,0,2.3,10,55000,1,1
1,1,0,2,2.98,0,0,2.95,8,27500,1,1
1,1,0,0,2.8,0,0,2.39,9,42500,1,1
0,1,1,2,2.38,0,0,1.84,6,20000,1,0
1,1,1,0,2.82,0,0,2.79,9,30000,1,1
1,1,1,0,3.16,0,0,3.59,8,25000,0,1
1,1,1,0,3.41,0,0,3.14,8,25790,1,1
1,1,1,2,3.15,0,0,2.79,8,52499,3,1
1,1,0,0,3.66,1,0,3,9,9000,1,1
1,0,1,0,3.15,0,0,2.64,3,17500,1,1
0,0,0,0,3.67,0,0,3.84,3,20000,1,1
0,0,0,0,3.25,1,0,2.72,3,15000,1,1
0,0,1,0,3.48,0,0,2.51,3,6500,1,1
1,0,0,0,3.14,0,0,2.33,5,9000,1,1
1,1,1,0,3.14,0,0,2.79,3,3750,1,1
0,1,0,0,2.99,0,0,2.18,3,10500,1,1
0,1,1,0,2.97,0,0,2.44,4,15000,1,1
1,1,0,0,2.89,0,0,2.48,4,20000,1,1
1,1,0,0,2.96,1,0,2.77,3,5800,1,1
1,1,0,0,2.86,0,0,2.22,6,10000,1,1
1,1,1,0,2.95,0,0,2.62,4,3500,2,1
0,1,1,0,2.98,1,0,2.75,3,2000,3,1
1,1,0,0,2.81,0,0,2.64,3,4000,0,1
1,1,0,0,3.29,1,0,2.75,3,6220,1,1
1,1,1,0,3.06,0,0,3.17,3,8500,1,1
1,1,0,1,2.87,0,0,2.15,6,10000,1,1
1,1,0,0,3.07,1,0,2.37,3,6250,1,1
1,1,1,0,3.18,0,0,2.97,3,15350,1,1
0,1,0,0,2.83,0,0,2.36,3,5000,1,1
0,1,0,0,2.87,0,0,2.1,4,7500,3,1
0,1,0,1,3.25,0,0,2.5,4,6000,1,1
0,1,1,0,2.82,0,0,1.67,2,4750,1,0
1,1,1,0,2.33,0,0,2.6,6,11000,2,1
1,1,1,0,2.55,0,0,2.84,6,21500,1,1
1,1,1,0,3.25,0,0,2.77,5,7500,1,1
1,1,0,0,2.6,0,0,2.64,5,3000,3,1
1,1,0,0,2.38,0,0,2.73,6,20000,1,1
0,1,0,0,2.62,0,0,3.04,6,32220,1,1
1,1,1,0,2.98,0,0,3.14,6,6500,1,1
0,1,0,0,2.87,0,0,2.17,7,5500,1,1
0,1,1,0,2.7,0,0,2.46,7,11500,1,1
1,1,0,0,3.15,0,0,3.03,5,5000,3,1
1,1,0,0,2.67,1,0,2.8,6,15500,2,1
0,0,0,2,3.28,0,1,3.7,8,6500,1,1
1,0,1,0,3.43,0,0,3.36,8,6000,3,1
0,0,1,2,3.27,0,0,2.58,8,12000,1,1
1,1,1,2,3.71,0,0,3.43,9,55000,1,1
0,1,1,0,3.1,0,0,2.08,12,17500,1,1
1,1,1,0,2.43,0,0,2.18,11,5250,0,1
1,1,1,2,2.6,1,0,2.3,10,2500,3,1
1,1,1,2,2.67,1,0,1.31,1,1750,1,0
1,1,1,2,3.02,0,0,3.02,9,3000,1,1
0,1,0,0,2.39,1,0,0.89,1,55000,1,0
1,1,1,0,3.25,1,0,2.11,10,7000,1,1
1,1,1,2,2.85,0,0,2.37,9,15000,1,1
1,1,1,0,1.91,0,1,2.47,9,0,3,1
1,1,1,2,3.21,0,0,2.51,9,14500,2,1
1,1,0,2,3.14,0,0,2.2,10,7500,0,1
1,1,1,2,2.19,0,0,2.45,9,10000,1,1
1,1,1,0,3.33,0,0,3.66,8,32500,1,1
1,1,1,2,3.08,0,0,2.85,10,27000,1,1
1,1,1,2,3.51,0,0,2.96,8,11500,2,1
1,0,1,0,3.24,0,0,3.57,10,20000,1,1
1,0,0,2,3.21,0,0,2.86,9,80000,1,1
0,0,1,0,3.63,1,0,2.53,10,9000,1,1
1,0,0,0,3.2,0,0,3.04,9,4000,1,1
0,0,1,0,3.25,1,0,2.38,9,19170,1,1
0,0,1,0,3.8,0,0,3.53,10,12000,1,1
0,0,1,2,2.51,1,0,2.65,10,37500,1,1
1,0,0,0,3.38,0,0,3.22,10,7500,1,1
1,0,1,0,3.44,0,0,2.9,9,24000,3,1
1,0,1,0,3.77,0,0,3.67,8,10000,1,1
1,0,0,0,2.86,0,0,3.1,10,10750,0,1
0,0,0,2,3.28,0,0,3.66,9,33915,1,1
0,0,1,0,2.76,0,0,2.76,10,20000,0,1
0,0,1,0,3.09,0,0,2.91,8,10000,1,1
0,0,1,0,2.79,0,0,1.56,2,70000,1,0
1,0,1,0,3.15,0,0,2.51,8,18375,0,1
1,0,0,2,3.01,0,0,2.69,8,12500,1,1
1,1,1,0,2.32,0,0,2.82,3,10000,1,1
1,1,1,0,2.85,0,0,2.66,3,2000,3,1
1,1,1,0,2.86,0,0,2.51,3,0,2,1
1,1,0,0,2.92,1,0,2.99,3,7500,1,1
0,1,1,0,2.23,0,0,2.33,3,30000,1,1
0,1,1,0,2.62,0,0,3.05,3,7500,1,1
0,1,0,0,2.43,0,0,2.21,3,20000,1,1
0,1,0,0,2.45,0,0,2.15,5,26950,1,1
1,1,1,0,2.64,0,0,2.79,3,15000,1,1
0,1,1,0,2.4,0,0,2.15,3,15000,1,1
1,1,1,0,2.52,1,0,2.37,5,10500,1,1
1,1,0,0,2.85,0,0,2.8,3,35000,1,1
0,1,0,1,3.15,0,0,2.12,3,3000,1,1
1,1,1,0,2.87,1,0,2.89,3,7925,1,1
1,1,1,0,2.7,0,0,2.82,6,5750,1,1
1,1,0,0,2.28,0,0,2.51,7,8000,2,1
0,1,1,0,1.77,0,0,1.83,6,16000,0,0
1,1,0,0,2.75,0,0,2.79,6,15000,3,1
1,1,1,0,2.96,0,0,2.6,6,8000,1,1
1,1,1,0,2.91,0,0,2.49,6,2500,3,1
0,1,1,0,2.83,0,0,2.47,7,40000,1,1
1,1,0,0,2.78,0,0,2.43,6,8000,1,1
0,1,1,0,3.15,0,0,1.96,1,30000,1,0
0,1,1,0,2.73,1,0,2.55,6,6500,1,1
1,1,0,0,2.92,0,0,2.9,5,4000,1,1
1,1,0,0,3.15,0,0,2.35,5,15000,1,1
1,1,0,0,2.88,0,0,2.99,6,6000,1,1
1,1,1,0,2.84,1,0,2.49,6,24600,1,1
1,1,1,0,2.88,1,0,1.87,1,1800,1,0
1,1,1,0,3.11,0,0,3.19,5,3500,1,1
0,1,0,2,2.79,1,0,1.52,5,12500,1,0
1,1,1,2,3.22,0,0,3.26,9,14000,1,1
1,0,1,2,3.18,0,0,2.33,9,32500,1,1
1,0,0,2,3.34,0,0,3.65,8,0,2,1
1,0,0,2,3.58,0,0,3.75,9,17500,1,1
1,0,1,0,2.86,0,0,3.48,9,17500,0,1
1,0,1,2,3.79,0,0,3.72,10,300000,1,1
1,0,0,2,3.37,0,0,3.19,8,15000,1,1
1,0,1,0,3.08,0,0,3.48,9,24500,1,1
1,0,1,2,3.39,0,0,2.15,12,32500,2,1
1,0,0,0,3.14,0,1,2.48,10,18500,0,1
0,0,1,0,2.28,0,0,2.47,10,25000,1,1
1,0,1,0,3.51,0,1,3.08,8,4500,0,1
1,0,0,2,3.59,1,0,2.93,8,15000,2,1
0,0,0,2,2.09,0,0,0.37,2,45000,1,0
1,0,1,0,3.06,0,0,2.8,8,29000,1,1
1,0,0,0,3.04,0,0,2.45,8,20000,1,1
0,0,1,0,2.87,0,0,2.19,9,43500,1,1
1,0,0,2,3.01,0,0,3.1,8,10500,1,1
0,0,1,0,3.4,1,0,2.31,9,8000,0,1
0,0,1,0,2.83,0,0,3.01,9,10000,1,1
0,0,0,0,2.85,0,0,2.6,9,55000,1,1
0,0,1,0,2.96,0,0,2.31,10,40000,1,1
1,1,1,0,3,0,0,2.46,10,8750,1,1
0,1,1,0,2.82,0,0,2.14,10,18000,1,1
1,1,0,0,2.67,0,0,2.74,8,60000,1,1
0,1,1,0,2.52,0,0,2.14,9,30000,1,1
0,1,1,2,2.96,0,0,2.76,9,17000,1,1
0,1,1,2,2.91,0,0,2.36,9,40000,1,1
0,1,1,2,3.23,0,0,2.35,9,26500,1,1
1,1,0,0,2.99,0,0,2.75,2,9000,1,0
1,1,0,2,3.19,0,0,2.99,8,25000,1,1
0,1,0,0,3.29,0,0,3.04,9,20000,1,1
1,1,1,0,2.38,0,0,2.31,11,20000,1,1
0,1,1,0,2.59,0,0,2.83,7,55999,3,1
1,1,1,2,2.35,0,0,2.25,8,15000,1,1
1,0,0,0,2.87,0,0,2.22,5,20000,1,1
1,0,1,0,3.51,0,0,3.01,5,25000,1,1
0,0,0,0,1.83,0,0,0.91,1,50000,1,0
0,0,0,0,2.91,0,0,3.39,5,12000,1,1
1,0,0,0,2.31,0,0,2.35,7,12500,1,1
1,0,1,0,2.84,0,0,2.76,6,57499,3,1
1,0,1,2,3.44,0,0,3.59,6,30000,1,1
1,0,0,2,2.73,1,0,2.29,5,35000,1,1
1,0,1,2,3.44,1,1,2.94,5,54899,3,1
0,0,0,0,3.25,0,0,2.17,6,20000,1,1
0,0,1,0,2.86,0,0,2.58,5,10750,1,1
0,0,1,2,2.34,0,0,2.1,5,45000,1,1
1,0,1,0,3.23,0,0,2.9,5,32000,1,1
1,0,0,2,3.07,1,0,2.57,6,15000,1,1
0,0,1,0,2.83,0,0,3.45,5,40225,1,1
1,0,1,2,3.23,1,0,2.7,5,22500,1,1
1,1,1,0,3.04,0,0,3.01,5,4000,1,1
1,1,0,0,3.27,0,0,2.2,6,5000,0,1
0,1,0,2,2.44,0,0,1.67,3,25000,1,0
1,1,1,0,3.51,0,0,3.61,5,10000,1,1
0,1,0,0,2.62,0,0,2.4,5,33500,1,1
1,1,0,0,2.7,0,1,2.68,5,9000,1,1
1,1,0,0,2.75,0,0,2.7,5,12000,1,1
1,0,1,2,3.76,0,0,3.32,2,84999,3,0
0,0,1,0,2.61,0,0,3.03,3,20000,1,1
0,0,1,0,2.21,0,0,1.96,3,37500,1,1
0,0,1,0,3.25,0,0,3.27,3,5000,1,1
0,0,0,0,2.01,0,0,1.85,4,20000,1,1
1,0,1,2,3.19,0,0,3.14,3,22250,1,1
1,0,1,2,3.5,0,0,3.29,3,20000,1,1
0,0,0,0,3.9,0,0,3.22,3,53999,3,1
0,0,0,0,3.3,0,0,3.88,3,9000,1,1
1,1,1,0,2.34,0,0,0.62,2,20000,0,0
0,1,1,0,2.16,0,0,2.32,4,20000,1,1
1,1,1,0,2.66,0,1,2.83,3,54499,0,1
1,1,1,0,2.64,0,0,2.92,3,20000,1,1
1,0,1,0,3.71,1,0,2.77,6,6000,1,1
1,0,0,0,3.49,0,0,3.08,9,7210,1,1
1,0,1,0,3.42,0,0,2.98,9,15000,1,1
1,0,1,0,3.13,0,0,2.87,8,40000,1,1
1,0,1,0,3.4,0,0,2.53,8,6500,1,1
1,0,0,0,3.62,0,0,3.01,8,7500,1,1
1,0,0,0,3.81,0,0,3.71,9,2500,2,1
1,0,0,0,3.62,0,0,2.85,9,20000,1,1
1,0,1,0,3.59,0,0,3.83,8,4500,1,1
1,0,1,0,3.51,0,0,2.72,9,10000,1,1
1,0,1,0,3.58,0,0,2.79,8,15000,1,1
1,0,1,0,3.33,0,0,2.93,9,10595,1,1
0,0,0,0,3.15,0,0,3.39,8,6000,1,1
1,0,1,0,3.42,0,0,3.07,7,3750,3,1
1,0,1,0,3.31,1,0,2.6,8,37500,1,1
1,0,1,0,3.56,0,0,3.05,8,7250,1,1
1,0,1,0,3.49,0,0,3.42,8,2850,0,1
1,0,1,0,3.51,0,0,2.72,7,4000,1,1
0,0,1,0,3.11,0,0,3.59,7,50155,1,1
1,0,1,0,3.3,0,0,2.66,9,42250,2,1
0,0,1,0,3.9,0,0,3.7,8,19110,1,1
0,1,0,0,2.71,0,0,2.94,8,20000,1,1
1,1,0,0,3.07,0,0,3.14,9,30000,1,1
0,1,1,0,1.71,0,0,0.81,0,29070,1,0
1,1,1,0,2.55,0,0,2.65,10,22500,0,1
1,1,1,0,2.87,1,0,2.94,9,10000,1,1
1,1,0,0,2.44,0,0,2.54,9,77500,1,1
1,1,1,0,2.4,0,0,2.58,9,15000,1,1
1,1,1,0,2.84,1,0,0.95,0,0,1,0
0,0,1,0,2.65,0,0,3.53,3,30000,1,1
1,0,1,0,3.2,0,0,2.94,3,4000,1,1
1,0,1,0,3.27,0,0,3.21,3,3500,1,1
0,0,0,0,3.56,0,0,3.56,3,5000,3,1
1,0,1,0,3.45,0,0,3.11,3,20710,1,1
0,0,1,0,3.34,0,0,3.49,3,6000,1,1
0,0,1,0,3.25,0,0,3.27,3,13500,1,1
0,0,1,0,3.21,0,0,2.74,3,54500,1,1
1,0,0,0,3.5,1,0,3.12,3,4000,1,1
0,0,0,0,3.09,1,0,2.92,3,11000,1,1
1,0,1,0,3.46,0,0,2.71,3,15050,1,1
1,0,1,0,3.54,0,0,2.37,7,4500,1,1
1,0,0,0,3.75,0,0,3.77,3,32500,1,1
1,0,1,0,3.5,1,0,3.82,3,18000,1,1
1,0,0,0,3.08,0,0,2.98,3,5000,3,1
1,0,1,0,3.36,0,0,3.43,3,18000,1,1
0,0,1,0,3.31,1,0,1.69,2,2500,1,0
1,0,0,0,3.3,0,0,3.42,3,27500,1,1
0,1,1,0,2.92,1,0,2.57,5,21430,0,1
1,1,0,0,3.6,0,0,3.27,3,2750,1,1
0,0,1,0,3.11,0,0,3.8,6,15000,1,1
1,0,1,0,3.54,0,0,3.03,6,6500,1,1
1,0,0,0,3.04,0,0,3.23,5,20000,1,1
1,0,1,0,3.3,0,0,2.82,6,16110,1,1
0,0,1,0,3.67,1,0,3,5,3500,1,1
1,0,0,0,3.72,1,0,2.82,6,15000,1,1
0,0,1,0,3.16,0,0,3,5,20000,1,1
0,0,1,0,3.47,0,0,3.58,5,15000,1,1
1,0,1,0,3.3,0,0,2.61,5,42000,1,1
0,0,0,0,3.56,0,0,3.71,6,6000,1,1
1,0,1,0,3.19,0,0,3.37,5,15000,1,1
1,0,1,0,3.57,0,0,2.77,5,3000,1,1
1,0,1,0,3.3,0,0,2.83,6,23000,1,1
1,0,1,0,3.26,0,0,3.66,5,15000,3,1
1,0,1,0,3.5,0,0,3.17,6,32500,1,1
1,0,0,2,3.67,1,1,2.72,10,7500,1,1
0,0,1,2,2.45,1,0,2.11,11,70665,1,1
0,0,1,0,2.54,0,0,1.55,2,33500,1,0
1,0,0,2,3.33,0,0,3.03,9,27500,1,1
1,0,1,2,3.13,0,0,3.05,8,40000,1,1
0,0,0,0,3.06,0,0,2.75,10,30000,1,1
1,0,0,0,2.88,0,0,2.84,9,16750,1,1
1,0,1,0,2.44,0,0,2.68,10,27500,1,1
1,0,1,0,3.4,0,0,3.18,9,30000,1,1
1,0,0,2,3.64,0,1,2.83,8,22675,1,1
1,0,1,0,3.15,0,0,2.12,10,27500,1,1
1,0,1,0,3.43,0,0,3.23,8,5000,1,1
1,0,1,2,2.68,0,0,2.76,10,30000,1,1
1,0,1,2,3.15,0,0,2.73,10,6500,2,1
0,0,0,2,2.75,0,0,3.13,8,15000,1,1
1,0,0,0,3.12,0,0,2.8,9,15000,1,1
1,0,1,2,3.46,0,0,2.25,11,25000,1,1
0,0,1,2,3.67,1,0,2.58,10,34000,1,1
0,0,0,2,3.27,0,0,2.95,10,15000,1,1
1,1,1,0,2.71,0,0,2.54,10,5500,2,1
1,1,0,0,3.24,1,0,2.43,8,5000,1,1
1,1,0,0,2.49,0,0,2.19,11,5500,1,1
1,1,1,2,2.42,1,0,2.33,10,20000,1,1
0,1,0,0,2.91,0,0,1.91,3,25624,1,0
1,1,0,0,3.54,0,0,2.8,9,7500,1,1
1,1,0,0,3.39,0,0,2.87,10,40000,1,1
1,1,0,0,3.36,1,0,2.37,10,65000,1,1
0,1,0,2,2.57,0,0,2.11,10,17500,1,1
1,1,0,0,2.61,0,0,2.69,10,5000,1,1
1,1,0,0,3.36,1,0,2.53,10,22000,1,1
1,1,0,0,2.77,0,0,2.7,10,30500,1,1
1,1,0,0,2.71,0,0,2.45,10,32500,1,1
1,1,1,0,2.98,0,0,2.99,8,30000,1,1
0,0,0,2,3.06,0,1,2.54,5,15000,2,1
0,0,1,2,2.87,0,0,2.18,5,32500,1,1
0,0,1,0,2.9,0,0,3.38,5,30000,1,1
0,0,0,2,2.83,0,0,2.65,6,15000,1,1
0,0,1,0,3.08,0,0,2.89,5,7500,1,1
1,0,1,0,3.05,1,0,2.62,5,6000,1,1
1,0,0,0,3.11,0,0,2.51,7,32500,1,1
1,0,0,0,3.1,1,0,2.92,5,4500,2,1
1,0,1,0,3.8,0,0,2.63,6,21500,0,1
0,0,1,2,2.73,0,0,2.22,5,30000,1,1
0,0,1,2,3.32,0,0,2.54,5,59500,1,1
1,1,1,2,2.37,0,0,1.9,5,11000,1,1
1,0,1,2,2.92,0,1,3.22,3,8000,1,1
0,0,0,0,3.18,0,0,2.68,3,32500,1,1
0,0,0,2,2.91,0,0,2.46,4,67499,3,1
1,0,1,0,3.26,0,0,2.85,3,44000,1,1
1,0,1,2,3.31,0,0,3,3,60000,1,1
1,0,0,0,3.15,0,0,3.42,3,50000,1,1
1,0,1,0,2.54,0,0,2.65,4,54999,3,1
0,0,0,2,2.34,0,0,2.96,3,12000,0,1
0,0,1,2,3.19,0,0,2.78,3,7500,1,1
1,0,0,0,3.16,0,0,2.44,1,31500,1,0
1,0,0,0,3.57,0,0,3.67,3,35000,1,1
0,0,1,2,2.42,0,0,2.62,4,33500,1,1
0,0,1,0,2.52,0,0,2.72,3,50000,1,1
1,0,1,2,2.89,0,0,2.01,3,10000,1,1
1,0,1,0,3.08,0,0,3.55,3,35000,1,1
1,0,0,2,2.37,0,0,3.04,4,25000,1,1
1,0,1,0,3.09,0,0,2.59,3,4500,0,1
1,0,1,0,2.96,0,0,3.08,3,25000,2,1
0,0,1,2,2.66,0,0,2.83,3,55000,1,1
0,0,1,0,2.52,0,0,3.32,3,11000,1,1
1,1,1,0,2.17,0,0,1.75,9,4750,1,0
0,1,1,0,3.53,0,0,2.84,4,5750,1,0
0,1,1,0,2.16,0,0,0.54,0,11500,0,0
0,1,0,0,2.28,0,0,0.85,0,6500,1,0
1,1,1,0,3.04,1,0,3.05,9,7500,1,1
1,1,1,0,3.16,1,0,2.22,9,7750,1,1
1,1,0,0,2.39,0,0,2.21,10,15500,1,1
1,1,0,0,3.06,0,0,3.03,8,20000,1,1
0,1,1,0,2.81,1,0,2.68,9,3500,1,1
1,1,1,0,2.75,1,0,3.05,8,11000,1,1
1,1,1,0,2.36,0,0,2.49,9,4000,1,1
1,1,1,0,3.05,0,0,2.36,9,4250,1,1
0,0,1,0,2.23,0,0,2.11,9,9000,3,1
1,0,1,0,3.72,0,0,2.8,8,7500,1,1
1,0,0,0,3.23,0,1,2.5,8,5150,1,1
1,0,0,0,3.65,0,0,3.54,9,50000,0,1
1,0,1,0,3.47,0,0,2.98,9,10000,1,1
1,0,1,0,2.19,0,0,2.41,10,10000,1,1
0,0,1,0,2.59,0,0,2.43,10,25000,1,1
0,0,1,0,2.92,1,0,2.51,9,50000,1,1
0,0,0,0,2.98,0,0,3.02,10,60000,1,1
1,0,0,0,3.28,0,0,3.41,9,20000,1,1
0,0,0,0,3.02,0,0,3.35,8,37500,1,1
1,0,1,0,2.97,0,0,2.31,10,30000,1,1
1,0,1,0,2.69,0,0,2.29,10,16250,0,1
1,0,0,0,2.66,0,0,1.48,4,11500,1,0
0,0,1,0,3.54,0,0,2.3,12,20000,1,1
0,0,1,0,2.7,0,0,1.88,4,12500,1,0
1,0,1,0,2.95,0,0,2.64,8,27000,2,1
1,0,1,0,2.97,0,0,1.65,2,12000,1,0
1,0,1,0,2.88,0,0,2.15,9,8000,1,1
1,1,1,0,2.93,0,0,3.1,9,11500,2,1
1,1,0,0,2.65,0,0,2.84,10,8500,3,1
1,1,0,0,3.17,1,0,3.63,9,9000,1,1
1,1,0,0,2.74,0,0,2.19,11,16000,1,1
1,1,0,0,3.53,0,0,3.75,8,59999,3,1
0,1,1,0,3.13,0,0,3,10,14000,1,1
1,1,1,2,3.31,0,0,2.81,10,15000,1,1
0,1,1,2,2.96,0,0,2.24,10,22500,1,1
1,1,0,2,2.06,0,0,2.28,10,20000,1,1
1,1,0,0,2.6,0,0,1.71,6,4500,0,0
1,1,0,2,2.61,0,0,2.65,10,14500,1,1
1,1,1,2,3.13,0,0,3.2,9,26500,1,1
0,1,0,2,2.32,1,0,1.2,2,30000,1,0
1,1,1,2,2.98,0,0,2.69,9,12000,1,1
1,0,1,0,2.81,0,0,2.84,9,99999,3,1
0,0,1,0,3.4,0,0,2.43,11,14000,1,1
1,0,0,0,3.39,0,0,3.55,8,15000,1,1
0,0,0,0,3.75,0,0,3.97,8,17500,0,1
1,0,1,0,3.57,0,0,3.74,8,6000,1,1
0,0,0,2,3.68,0,0,2.8,9,110000,1,1
0,0,0,0,3,0,0,2.69,8,15000,1,1
1,0,0,0,3.41,0,0,3.08,8,37500,1,1
0,0,0,0,3.35,0,0,2.95,10,37500,0,1
1,0,1,2,3.77,0,0,3.21,8,32500,1,1
1,0,1,0,3.55,0,0,3.49,8,30500,0,1
0,0,1,0,2.72,0,0,3.84,8,15000,1,1
0,0,0,0,3.61,0,0,3.76,8,27500,1,1
0,0,1,2,2.66,0,0,2.83,10,25000,1,1
0,0,0,0,3.04,0,0,2.48,8,45000,1,1
1,0,0,2,3.54,1,0,3.61,8,23500,1,1
1,0,0,2,3.22,0,0,3.25,8,54499,3,1
0,0,1,2,2.99,0,0,3.26,9,7500,1,1
0,1,0,2,2.97,0,0,2.66,10,17500,1,1
0,1,0,0,3.12,0,0,2.44,10,20000,1,1
1,1,1,0,3.04,1,0,2.95,8,6500,1,1
0,1,1,0,2.44,0,0,2.54,9,12500,1,1
1,1,1,2,3.27,0,0,3.17,9,52250,1,1
0,1,0,2,2.59,0,0,2.51,9,31000,1,1
0,0,0,0,2.77,0,0,2.75,9,24500,1,1
1,0,1,0,3.46,0,0,3.26,8,12000,1,1
1,0,1,0,3.56,0,0,3.82,8,7500,0,1
0,0,1,0,2.48,0,0,1.78,6,10000,1,0
0,0,0,0,2.67,0,0,2.94,9,20000,1,1
1,0,0,0,2.03,0,0,1.45,2,22500,1,0
1,0,1,0,3.32,0,0,3.03,10,10000,1,1
1,0,1,2,3.41,0,0,3.6,8,10500,1,1
0,0,1,2,3.05,0,0,2.81,8,9000,1,1
1,0,0,2,3.44,0,0,3.48,8,7000,1,1
0,0,0,0,1.99,0,0,0.75,1,25000,1,0
1,0,1,0,2.67,0,0,2.73,9,7500,1,1
1,0,1,2,2.77,0,0,2.41,9,7500,1,1
1,0,0,2,2.81,0,0,2.64,9,18500,1,1
1,0,0,0,3.55,0,0,3.32,8,35000,1,1
0,0,1,2,3.59,0,1,2.41,10,21500,1,1
1,0,1,2,3.61,0,0,3.08,8,17500,1,1
0,0,1,2,3.02,0,0,0,1,25000,1,0
1,0,0,2,3.57,0,0,2.3,9,9000,1,1
0,0,1,0,2.13,0,0,1.76,4,40000,1,0
0,0,1,2,2.77,1,0,0.69,1,20000,0,0
0,0,0,0,3.34,0,0,3.39,8,6250,3,1
1,0,1,0,3.43,0,0,3.57,8,72500,1,1
1,0,1,2,3.53,1,0,2.29,8,6000,1,1
1,0,0,0,3.85,0,0,3.96,8,25000,1,1
1,0,1,2,2.88,0,0,2.87,9,10060,2,1
1,1,1,0,2.49,0,0,2.07,8,23500,1,1
0,1,0,2,2.49,0,0,0.36,1,150000,3,0
1,1,1,0,3.13,0,0,2.76,9,5000,0,1
0,1,0,0,2.19,0,0,1.85,5,50000,1,0
1,1,0,0,3.42,0,0,3.1,10,13500,1,1
0,1,1,0,2.13,0,0,3.24,8,42500,1,1
0,0,1,2,2.71,0,0,2.47,10,10000,1,1
1,0,0,0,3.61,0,0,3.6,8,8750,1,1
1,0,0,0,3.64,0,0,3.32,9,20000,3,1
0,1,0,2,2.19,0,0,1.87,2,100000,0,0
1,1,1,2,3.17,1,0,2.49,9,53749,3,1
1,1,1,2,2.84,0,0,2.92,9,52499,3,1
1,1,0,2,3.22,1,0,3.45,8,30000,1,1
0,1,1,2,2.73,0,0,2.94,10,9000,1,1
1,1,1,0,2.93,1,0,2.51,10,25000,1,1
0,1,0,2,2.51,1,0,2.53,11,10000,1,1
0,1,1,2,2.1,0,0,2.3,10,35245,1,1
1,1,1,0,3.18,0,0,2.89,9,7000,1,1
0,1,1,0,2.6,0,0,2.32,8,27500,1,1
1,1,1,0,3.09,0,0,3,9,12000,1,1
0,0,0,0,3.04,0,0,2.44,9,17500,1,1
1,0,1,0,3.12,0,0,2.88,2,37000,1,0
0,0,1,2,3.64,0,0,3.19,7,37470,1,1
1,0,1,0,3.47,0,1,3.8,8,15000,1,1
0,0,0,0,2.72,0,0,2.03,8,8500,1,1
0,0,1,0,3.5,0,0,2.75,7,25000,1,1
1,0,1,0,3.71,0,0,3.03,8,32500,0,1
0,0,1,0,3,1,0,2.42,9,2500,1,1
1,0,1,0,3.47,0,0,2.74,7,6000,1,1
1,0,0,0,3.09,0,0,2.53,2,22675,1,0
0,0,1,2,2.1,1,0,2.04,10,15000,2,1
1,0,0,2,3.59,0,0,3.09,7,25000,1,1
0,0,0,0,3.02,0,0,1.88,1,25000,1,0
0,0,0,0,3.34,0,0,3.66,7,17500,1,1
1,0,1,0,3.72,1,0,3.02,8,43600,1,1
1,0,0,0,2.67,0,0,1.98,2,14555,0,0
0,0,1,0,3.54,0,0,3.76,7,12000,1,1
1,0,0,2,3.66,0,0,0.18,1,40000,1,0
1,1,1,2,2.75,0,0,2.63,7,17500,0,1
1,1,1,2,2.67,0,0,2.43,8,30000,1,1
1,1,1,0,2.85,0,0,2.97,9,17500,1,1
1,1,0,0,2.59,0,0,2.08,9,40000,1,1
0,1,0,2,2.25,0,0,1.45,4,15000,0,0
1,1,0,0,2.73,0,0,2.69,7,17500,1,1
1,1,0,0,2.75,0,1,2.18,8,13500,1,1
0,1,0,2,2.53,0,0,2.23,8,20500,1,1
0,1,1,0,3.7,1,0,3.12,7,53499,3,1
1,1,1,0,2.55,0,0,2.46,7,46310,1,1
1,1,0,0,3.52,1,0,2.86,7,63000,1,1
1,1,1,2,3.22,0,0,2.98,9,25000,1,1
1,1,1,0,3.04,0,0,3.04,7,30000,1,1
1,1,0,2,2.52,0,0,2.62,9,18500,1,1
1,1,1,0,2.92,0,0,2.18,8,4000,0,1
1,1,1,0,2.7,0,0,2.84,8,11250,1,1
1,1,0,0,3.31,0,0,3.28,8,12945,1,1
1,1,1,0,2.6,0,0,2.43,8,25000,1,1
1,1,1,2,2.78,1,0,3.06,7,7500,1,1
1,1,0,0,2.68,0,0,2.93,8,7500,1,1
0,1,1,0,3.67,1,0,2.75,7,4500,1,1
0,0,1,2,3.16,0,0,3.14,7,9000,1,1
1,0,0,0,3.07,0,0,3.13,5,14500,1,1
1,0,1,0,3.17,0,0,3.19,5,27680,1,1
0,0,1,0,3.24,0,0,3,5,16500,1,1
1,0,1,0,2.47,0,0,3.5,5,53215,1,1
1,0,1,0,2.71,0,0,2.46,5,4800,1,1
1,0,1,0,3.5,0,0,2.68,5,12000,1,1
1,0,1,2,2.98,0,0,2.52,6,12500,1,1
0,0,1,0,3.21,0,0,0.71,1,65000,1,0
1,0,0,2,3.01,0,0,2.36,5,13000,1,1
0,0,1,0,2.58,0,0,2.06,7,20000,1,1
0,0,1,0,2.96,0,0,2.54,5,40000,1,1
1,0,1,2,3.46,0,0,3.32,6,35000,1,1
0,0,1,2,3.56,0,0,2.75,5,11000,1,1
1,0,1,0,3.11,0,0,2.75,5,25000,1,1
1,0,0,0,3,0,0,2.87,5,10500,1,1
0,0,1,0,2.26,0,0,1.13,2,25000,1,0
1,0,1,0,2.92,0,0,2.14,6,10000,1,1
0,0,1,0,2.82,1,0,2.74,5,45000,1,1
1,0,0,2,3.49,0,0,2.85,5,15500,2,1
1,1,0,2,2.88,0,0,2.35,7,6000,1,1
0,0,0,0,3.09,1,0,2.61,3,5000,1,1
1,0,1,0,2.59,0,0,2.94,3,7500,1,1
1,0,1,0,3.01,0,0,3.16,3,42700,1,1
1,0,0,0,2.82,0,0,3,3,10500,3,1
1,0,0,0,3.56,0,0,3.19,3,42500,0,1
0,0,1,0,3.39,0,0,2.89,3,29000,1,1
0,1,1,0,2.28,0,0,0,0,7150,0,0
1,1,1,0,2.93,0,0,2.71,9,18000,1,1
1,1,0,0,3.11,0,0,2.94,9,2650,3,1
1,1,1,0,2.96,0,0,0.67,1,12000,1,0
1,1,0,0,2.77,0,0,1.42,2,0,1,0
1,1,0,0,2.85,0,0,0,0,7500,3,0
1,1,1,0,2.73,0,0,2.6,9,9500,1,1
0,1,1,2,2.58,0,0,0.27,1,7500,1,0
1,1,0,2,2.83,0,0,2.13,11,25000,1,1
1,1,1,2,2.63,0,0,2.38,10,9500,2,1
0,1,1,0,2.12,0,0,2.25,9,45950,1,1
0,1,0,0,1.59,0,0,2.13,11,41500,2,1
1,1,1,0,2.65,0,0,2.63,9,3500,2,1
0,1,1,0,2.63,0,0,2.07,13,20000,1,1
1,1,1,2,3.41,0,0,3.06,8,12500,3,1
0,1,1,0,2.4,0,0,0.64,1,35000,1,0
0,1,0,2,2.64,0,0,2.13,10,7500,1,1
1,1,1,0,2.08,0,0,1.9,10,40000,1,0
0,0,0,2,2.22,0,0,2.2,9,17500,1,1
0,0,0,2,2.71,0,0,1.96,10,55000,1,0
1,0,1,0,3.47,0,0,2.61,8,23837,1,1
1,0,0,0,3.5,0,0,3.24,10,7500,1,1
1,0,0,1,3.85,0,0,2.64,10,17500,0,1
1,0,1,0,3.58,0,0,2.77,9,25000,1,1
1,0,0,2,3.78,0,0,2.53,10,12245,1,1
1,0,1,2,3.43,0,0,3.48,9,12500,0,1
0,0,1,0,3.41,1,0,2.25,10,30000,1,1
1,0,1,0,3.14,0,0,2.67,9,25000,1,1
0,0,1,2,2.35,0,0,0.8,1,55000,1,0
0,0,1,0,3.46,0,0,3.72,9,47500,1,1
1,0,0,0,3.23,0,0,2.63,10,30000,1,1
1,0,1,0,3.27,0,0,3.35,8,10000,1,1
0,0,1,0,2.09,0,0,2.32,9,20000,0,1
0,0,0,0,2.38,0,0,2.95,8,10500,2,1
1,0,1,2,3.51,0,0,3.19,8,22500,1,1
1,0,0,0,2.55,0,0,2.69,9,19225,1,1
0,0,0,0,2.57,0,0,2.13,14,27500,2,1
1,0,1,2,2.71,0,0,2.1,11,15000,1,1
1,0,1,2,3.22,0,0,2.63,9,7500,1,1
0,1,1,2,3.37,0,0,2.55,9,27500,1,1
0,1,1,0,3.56,0,0,3.16,9,59999,3,1
0,0,1,0,2.96,1,0,3.04,5,50000,1,1
1,1,1,0,2.54,0,0,2.98,5,8000,1,1
1,1,1,2,2.94,0,0,3.08,6,20000,1,1
1,1,1,0,2.74,1,0,2.36,6,53999,3,1
1,1,1,0,2.24,0,0,2.58,5,15000,1,1
0,1,1,0,3.05,0,0,3.3,5,20000,1,1
1,1,1,2,2.68,1,0,2.41,5,17500,1,1
0,1,0,0,2.59,0,0,3,5,20000,1,1
1,1,0,0,2.58,0,0,2.45,6,61000,1,1
0,1,1,2,2.42,0,0,2.26,7,45470,1,1
0,1,0,0,2.82,0,0,3.54,5,64999,3,1
1,1,0,0,3.25,0,0,3.12,5,10000,1,1
0,1,0,2,2.91,0,0,2.02,6,58000,1,1
0,1,1,0,3.06,0,0,3.4,5,12500,1,1
0,1,1,0,2.17,0,0,2,6,54999,3,1
1,1,1,0,2.73,0,0,2.9,5,12500,1,1
0,1,0,2,3.23,0,0,2.31,6,8625,2,1
1,1,1,0,2.54,0,0,2.6,6,16445,1,1
0,1,0,0,2.37,1,0,2.4,6,30000,1,1
1,1,1,0,3.6,0,0,2.88,5,32500,2,1
1,1,0,0,2.4,0,0,0.95,1,10000,1,0
1,0,0,0,2.75,0,0,2.77,3,26000,1,1
1,0,0,0,2.9,0,0,2.4,1,10000,1,0
1,0,0,0,2.86,0,0,3.29,3,6500,1,1
1,0,1,2,3.24,0,0,3.26,3,11000,1,1
1,0,0,0,2.91,0,0,2.93,3,15000,1,1
1,0,1,0,2.41,0,0,2.86,3,5000,2,1
1,0,1,0,2.98,0,0,3,3,6500,1,1
1,0,0,2,2.81,0,0,3.06,3,20000,1,1
0,0,0,0,2.71,0,0,2.81,3,38025,1,1
1,0,1,0,3.22,0,0,2.64,3,40000,1,1
0,0,0,0,3.11,0,0,3.28,3,35000,1,1
1,0,1,0,3.26,0,0,3.51,3,16865,1,1
0,0,1,0,3.54,0,0,3.5,6,30000,1,1
1,0,0,0,3.4,0,0,3.4,5,20000,1,1
1,0,0,0,2.96,0,0,2.51,5,30500,1,1
1,0,0,0,3.24,0,0,2.82,6,6000,1,1
0,0,1,0,3.16,0,0,2.75,6,39425,1,1
0,1,0,0,3.04,0,0,2.61,5,12600,1,1
0,1,1,0,3.48,1,0,1.85,5,15000,1,0
1,1,0,0,2.74,0,0,2.95,6,37500,1,1
1,1,1,0,2.77,0,0,2.51,5,3250,1,1
1,1,1,0,2.8,1,0,3.25,5,7500,1,1
1,1,1,0,3.02,0,0,2.48,7,5500,1,1
1,1,0,0,2.95,0,0,2.91,6,25000,1,1
1,1,1,0,3.15,0,0,2.87,5,4250,1,1
1,1,0,0,2.94,0,0,2.5,6,6000,1,1
0,1,1,0,2.93,1,0,2.34,6,6000,1,1
0,1,0,0,2.91,0,0,1.67,0,16000,1,0
1,1,0,0,2.99,1,0,2.47,6,8000,1,1
1,1,0,0,3.14,0,0,3.23,5,10000,1,1
0,1,1,0,2.72,1,0,2.19,6,3500,1,1
0,1,1,0,2.74,1,0,2.29,5,6250,1,1
1,0,1,0,3.62,0,0,3.15,9,6000,1,1
1,0,0,0,3.79,0,0,3.73,9,23000,1,1
1,0,0,0,3.11,0,0,3,9,12500,1,1
1,0,0,0,3.44,0,0,2.83,7,4750,1,1
1,0,1,0,3.19,1,0,2.83,8,33540,1,1
1,0,1,2,3.39,0,0,2.38,1,5000,0,0
0,0,0,0,3.65,1,0,3.61,7,5000,1,1
0,0,1,0,3.57,0,0,2.75,7,8500,1,1
0,0,1,0,3.2,1,0,2.55,9,2250,3,1
1,0,0,0,3.5,0,0,2.15,11,15000,1,1
0,0,0,0,2.72,0,0,0.61,0,75000,1,0
1,0,0,0,3.65,0,0,3.24,9,25465,1,1
1,0,1,0,3.39,1,0,2.78,9,6000,1,1
1,1,1,0,2.17,0,0,2.99,9,0,0,1
0,1,1,2,1.9,0,0,1.48,4,57500,1,0
0,1,1,0,3.09,0,0,2.76,11,32000,0,1
1,1,0,0,3.25,0,0,3.07,10,90000,1,1
0,1,0,0,3.21,0,0,0.65,2,30000,3,0
1,1,0,0,3.22,0,0,2.86,10,16500,1,1
1,0,0,2,3.15,0,0,2.96,10,69999,3,1
0,0,1,2,3.3,0,0,2.62,8,49000,1,1
1,0,1,2,3.53,0,0,3.43,8,11000,2,1
1,0,0,2,3.25,0,0,3.8,9,45000,1,1
0,0,1,0,3.46,0,0,2.51,9,30000,1,1
0,0,1,0,3.2,0,0,3.11,9,30000,1,1
1,0,0,0,3.02,0,0,3.33,9,27500,1,1
0,0,0,0,3.12,0,0,0,1,60000,1,0
1,0,0,0,3.12,0,0,3.03,8,35000,1,1
1,0,0,0,3.46,0,0,2.9,10,6500,1,1
1,0,1,0,2.81,0,0,2.44,9,15000,1,1
1,0,1,0,3.62,0,0,3.04,9,30000,1,1
0,0,0,0,2.95,0,0,2.3,10,37000,1,1
0,0,1,0,3.23,0,0,2.84,9,60000,1,1
0,0,0,2,3.55,1,0,2.94,8,4000,1,1
1,0,0,0,3.14,0,0,2.87,9,17385,1,1
1,0,1,2,3.2,0,0,3.25,9,15000,1,1
1,0,1,2,2.94,1,0,3.02,8,11500,1,1
0,0,0,2,2.97,0,0,2,11,65000,1,1
1,1,1,2,2.95,0,0,2.13,9,8250,1,1
1,1,0,0,3,0,0,0.58,2,15000,1,0
1,1,1,0,2.76,0,0,2.51,9,25000,1,1
1,1,0,0,3,0,0,2.61,2,5550,1,0
0,1,1,2,3.75,0,0,3.52,8,50000,1,1
1,1,0,2,2.98,0,0,2.05,9,5000,1,1
1,1,0,2,2.8,0,0,2.37,12,30000,1,1
1,1,0,2,3.41,0,0,3.32,8,18000,1,1
1,1,1,2,2.88,0,0,2.82,9,11000,1,1
0,0,1,0,2.83,0,0,2.12,1,10000,1,1
1,1,1,0,3.27,0,0,3.12,1,4000,3,1
1,1,1,0,3.05,0,0,2.34,1,10500,1,1
1,1,0,0,3.11,1,0,2.46,1,5000,1,1
1,1,1,0,2.76,0,0,3.6,1,10500,0,1
1,1,0,0,2.9,0,0,2.78,1,6500,0,1
1,1,0,0,3.07,0,0,2.28,1,5000,1,1
0,1,0,0,2.23,0,0,2.34,1,10000,1,1
1,1,0,0,3.12,0,0,3.09,1,5000,1,1
1,1,0,0,2.91,0,0,2.91,1,16500,1,1
1,1,1,0,2.95,0,0,2.19,4,6250,1,1
1,1,0,0,2.78,0,0,3.09,1,6000,1,1
0,1,1,0,3.4,0,0,2.62,1,15000,1,1
0,1,0,0,3,0,0,2.02,3,15000,1,1
0,1,1,0,3.56,0,0,3.05,1,10545,1,1
1,1,0,0,3.09,0,0,2.32,1,28000,1,1
0,1,1,0,2.95,0,0,2.37,1,4000,1,1
0,1,0,0,2.86,0,0,2.83,1,15000,1,1
0,1,0,0,2.95,0,0,2.28,1,15000,1,1
1,1,0,0,3.42,0,0,3.41,1,0,1,1
1,1,1,0,2.77,0,0,2.82,1,15000,1,1
1,0,1,0,2.56,0,0,2.66,3,50000,1,1
1,0,1,0,3.28,0,0,2.73,3,12500,2,1
1,0,0,0,3.64,0,0,3.76,3,19000,2,1
1,0,0,0,3.23,0,0,2.44,3,4500,1,1
0,0,1,0,3.37,0,0,3.51,3,20000,1,1
1,0,0,0,3.35,0,0,3.01,3,5000,1,1
0,0,1,0,3.58,0,0,3.57,3,7500,2,1
1,0,1,1,3.36,0,0,2.64,3,0,2,1
0,0,0,0,3.52,0,0,3.34,3,15000,1,1
1,0,0,0,3.56,0,0,3.46,3,20000,1,1
0,0,1,0,3.31,0,0,3.16,3,35000,1,1
0,0,1,0,3.13,0,0,2.9,3,12000,1,1
1,0,0,0,3.37,0,0,2.61,3,3000,1,1
0,1,1,0,2.38,1,0,2.1,11,12000,1,1
0,1,1,0,2.51,0,0,2.77,9,13000,1,1
0,1,1,0,2.95,0,0,2.02,12,7500,1,1
1,1,0,0,2.89,0,0,2.55,9,7000,1,1
1,1,0,0,3.28,1,0,3.13,9,5500,1,1
0,1,0,0,2.53,0,0,2.72,10,17500,1,1
0,1,1,0,3.13,0,0,3.06,10,60000,0,1
0,1,1,0,2.14,0,0,1.85,7,7500,1,0
0,1,0,0,3.11,0,0,3.04,8,6500,1,1
1,1,1,0,3.19,0,0,3.09,10,12000,1,1
1,1,0,0,2.6,0,0,2.73,9,4500,1,1
1,1,0,0,2.87,1,0,1.69,3,24000,1,0
1,1,1,0,3.12,1,0,2.87,9,9000,1,1
1,1,0,0,3.02,0,0,2.24,10,15000,2,1
1,1,1,0,2.65,0,0,2.39,9,4500,2,1
1,1,0,0,3.29,0,0,2.92,8,65000,1,1
1,0,0,0,3.72,0,0,3.74,9,59000,1,1
1,0,0,0,3.18,0,0,3.52,9,40000,1,1
1,0,1,2,2.86,0,0,2.81,10,40100,3,1
1,0,0,2,2.9,0,0,2.4,9,26415,1,1
1,0,1,2,3.48,1,0,3.22,8,25000,1,1
1,0,1,0,3.47,0,1,2.37,9,12500,2,1
0,0,0,2,2.43,0,0,2.4,2,250000,1,0
1,0,1,2,3.17,0,0,2.45,9,25000,1,1
0,0,1,0,2.7,0,0,2.15,10,42500,1,1
1,0,0,0,3.48,0,0,3.39,8,15000,1,1
1,0,1,2,2.53,0,0,2.36,11,50000,1,1
1,0,1,2,1.83,0,0,1.58,3,7500,1,0
0,0,1,2,3.41,0,0,3.58,9,7500,1,1
1,0,0,0,3.67,0,0,3.11,8,5750,1,1
0,0,0,0,3.4,0,1,3.97,8,12500,1,1
0,0,1,2,3.58,0,1,2.75,8,6000,3,1
1,0,1,0,3.64,0,0,3.64,8,41000,1,1
1,0,1,2,2.51,0,0,2.18,11,31135,1,1
0,0,1,0,3.62,0,0,3.79,8,22500,1,1
0,0,0,2,2.99,0,0,3.14,8,20000,1,1
1,0,1,0,3.48,0,0,3.84,1,6500,1,1
1,0,0,0,3.14,0,0,2.45,1,25000,1,1
1,0,1,0,3.43,0,0,2.73,1,7500,1,1
0,0,1,0,3.12,0,0,3.65,1,20000,1,1
1,0,1,0,3.56,0,0,3.12,1,5000,1,1
0,0,0,0,2.92,0,0,3.31,1,10000,1,1
1,0,1,0,3.1,0,0,3.26,1,16245,1,1
1,0,0,0,3.32,0,0,2.93,1,20000,1,1
1,0,1,0,3.56,0,0,2.94,1,5000,3,1
1,0,1,0,3.46,0,0,3.71,1,4000,1,1
1,0,0,0,3.09,0,0,2.83,1,11510,0,1
1,0,1,0,2.84,0,0,2.82,1,45000,1,1
0,1,0,0,2.35,0,0,2.36,1,13500,1,1
1,1,1,0,3.17,0,0,2.93,1,8750,1,1
1,1,0,0,2.81,0,0,2.42,1,9800,1,1
1,1,0,0,3.05,0,0,2.68,1,20000,1,1
1,1,1,0,3.04,0,0,2.5,1,5000,1,1
1,1,1,0,2.75,0,0,2.87,1,5000,1,1
1,1,1,0,3.39,0,0,2.53,1,5000,1,1
0,1,1,0,2.38,0,0,3.09,1,9250,1,1
0,1,0,0,3.1,0,0,2.63,1,22500,1,1
1,1,1,0,3.13,0,0,2.14,6,2750,1,1
0,1,0,0,2.91,0,0,2.51,1,21500,1,1
1,1,1,0,2.52,0,0,2.27,3,50000,1,1
0,1,0,0,2.55,0,0,2.11,4,15000,1,1
1,1,0,0,3.37,0,0,2.27,1,15000,3,1
1,1,1,0,2.86,1,0,2.93,1,7000,1,1
1,1,0,0,3.32,0,0,2.6,1,40000,1,1
0,1,1,0,2.9,0,0,2.35,1,10000,1,1
0,1,0,0,3.15,0,0,3.05,1,2500,3,1
1,1,1,0,2.86,0,0,2.84,1,20000,1,1
1,1,1,0,3.33,0,0,3.38,1,5000,1,1
1,1,0,1,3.14,0,0,2.28,4,3000,1,1
1,1,0,0,2.34,0,0,2.7,3,0,1,1
0,1,0,0,2.99,0,0,2.9,3,3500,3,1
0,0,0,0,3.48,0,0,3.79,10,50000,1,1
1,0,1,0,3.3,0,0,2.39,8,19000,1,1
1,0,0,0,3.48,0,0,2.54,9,12500,2,1
0,0,0,2,3.27,0,0,2.48,3,10000,3,0
0,0,1,0,2.93,0,0,2.96,9,30000,1,1
1,0,1,0,3.38,0,0,2.99,9,15000,1,1
1,0,0,2,3.69,0,0,3.04,10,5000,1,1
0,0,1,2,3.68,0,0,3.16,8,30000,1,1
1,0,0,0,2.66,0,0,1.82,4,37500,1,0
1,0,1,0,3.75,0,0,2.81,9,135000,1,1
1,0,0,2,3.25,0,0,3.25,8,8500,1,1
1,0,0,2,3.07,0,0,2.35,11,43150,1,1
1,0,1,2,3.32,0,0,3.01,8,4500,1,1
1,0,1,0,3.43,0,1,2.73,10,15000,1,1
1,0,1,0,3.22,0,0,2.86,9,32500,1,1
0,0,0,0,2.62,0,0,2.42,10,30000,0,1
1,0,0,2,3.6,0,0,3.31,10,27500,1,1
0,0,1,0,3.45,0,0,2.41,10,15000,1,1
1,1,0,2,3.09,0,0,3.29,9,5000,3,1
1,1,1,2,3.46,0,0,3.18,9,27500,1,1
0,1,0,2,1.98,0,0,2.21,4,5750,2,0
1,1,1,2,3.46,0,0,2.39,8,6000,0,1
1,1,0,0,3.27,0,0,3.24,10,12000,1,1
1,1,1,2,3.12,0,0,2.71,11,6000,1,1
0,1,0,0,1.7,0,0,0.53,2,12500,3,0
0,1,1,2,2.06,0,0,2.04,13,50000,1,1
1,1,1,0,2.89,0,0,2.76,9,5000,3,1
1,1,0,0,3.2,0,0,2.65,10,10000,1,1
0,1,1,2,2.77,0,0,2.21,12,20000,1,1
0,1,1,0,3.35,0,0,3.11,10,17500,1,1
1,1,1,0,3.09,0,0,2.63,10,10000,1,1
1,1,0,2,3.17,0,0,2.78,8,9000,1,1
1,1,1,2,3,0,0,2.61,10,20000,1,1
1,1,0,2,2.82,0,0,2.7,9,15000,1,1
1,1,0,0,3.4,0,0,3.1,9,25000,1,1
1,1,1,2,2.98,0,0,2.58,10,15000,0,1
1,1,0,0,2.72,0,0,2.39,9,62499,3,1
1,1,0,0,2.88,0,0,3.04,10,10000,1,1
1,1,0,0,2.62,0,0,3.13,8,7500,1,1
1,1,0,0,2.93,0,0,3.37,8,29060,1,1
1,1,0,2,2.16,0,0,2.85,9,58999,3,1
1,1,0,0,3.1,0,0,2.77,9,25000,1,1
1,1,1,0,3.01,0,0,3.3,8,16000,1,1
1,1,0,2,2.58,0,0,2.57,10,20000,1,1
0,1,1,2,2.97,0,0,2.2,9,15000,1,1
0,1,0,1,3.29,0,0,2.17,10,5500,1,1
1,1,1,2,3.04,0,0,3.14,9,36325,1,1
1,1,0,0,2.53,0,0,0.41,1,15000,1,0
0,1,1,2,2.1,0,0,2.28,9,70000,1,1
1,0,1,2,3.63,0,0,3.37,7,8000,2,1
0,0,0,0,3.63,0,0,3.57,7,9250,0,1
0,0,0,0,2.99,0,0,2.62,8,50000,1,1
1,0,1,0,3.55,0,0,3.31,8,10000,1,1
1,0,1,0,2.67,0,0,2.36,10,25000,1,1
1,0,0,0,3.74,0,0,2.98,7,40000,1,1
0,0,1,0,3.98,0,0,3.77,7,7500,1,1
1,0,1,2,3.34,0,0,3.16,7,20000,1,1
1,0,0,0,2.88,0,0,2.99,7,75000,1,1
1,1,1,2,2.73,0,0,2.61,2,23500,1,0
1,1,0,0,2.59,0,0,3.02,7,64999,3,1
0,1,1,2,2.28,0,0,2.01,8,6500,1,1
0,1,1,0,3.25,1,0,3.24,7,10000,1,1
0,1,1,0,2.04,0,0,2.26,7,12500,1,1
1,1,1,0,2.25,0,0,2.06,8,5000,1,1
1,1,1,0,2.69,0,0,2.74,9,8250,1,1
1,1,0,0,2.94,0,0,2.9,7,8000,1,1
0,1,1,2,3.03,0,0,3.3,7,7500,1,1
1,1,0,0,2.64,0,0,3.08,8,38625,1,1
0,1,1,2,2.04,1,0,2.76,8,15000,1,1
0,1,0,0,2.96,0,0,3.1,8,50000,1,1
1,1,1,0,3.46,0,0,2.64,8,5000,1,1
1,1,0,2,3.22,0,0,2.09,7,27500,1,1
1,1,1,0,2.61,0,0,2.46,7,14500,0,1
1,1,1,0,3.58,0,1,3.59,5,16500,1,1
1,1,1,0,2.69,0,0,2.98,5,9000,1,1
1,1,1,2,2.52,0,0,2.65,6,2900,2,1
1,1,0,0,2.2,0,0,2.5,5,10000,2,1
0,1,0,0,2.29,0,0,2.31,2,79999,3,0
1,1,1,0,2.47,0,0,2.13,6,4000,1,1
0,1,1,0,2.38,0,0,2.03,6,69999,3,1
1,1,0,0,2.52,0,0,2,6,53500,1,1
0,1,1,0,3.23,0,0,2.65,6,37500,1,1
0,1,0,0,2.1,0,0,1.53,3,15000,1,0
1,1,1,0,3.63,0,0,3.84,5,22500,0,1
1,0,0,0,3.18,0,0,3.51,3,12500,1,1
1,0,0,0,3.35,0,0,3.32,2,15000,1,0
0,0,1,0,2.55,0,0,2.75,3,8750,1,1
1,0,1,0,3.26,0,0,3.04,3,13500,1,1
1,0,1,0,3.36,0,0,3.26,3,6000,1,1
1,0,0,0,3.33,0,0,2.75,3,7000,1,1
1,0,1,0,3.26,0,0,3.17,3,25500,1,1
1,0,0,0,2.9,0,0,2.76,3,21500,1,1
1,0,0,0,2.2,0,0,2.82,3,12500,1,1
1,0,0,0,3.46,0,0,3.55,3,25000,1,1
0,0,0,0,3.22,1,0,2.5,3,53999,3,1
1,0,1,0,3.07,0,0,3.58,3,30000,1,1
0,0,1,0,3.02,0,0,2.75,3,27500,1,1
1,0,1,0,2.88,1,0,2.62,3,9000,1,1
0,0,0,0,2.84,0,0,2.86,3,21500,1,1
1,0,1,2,3.4,1,0,2.54,2,48000,1,0
1,0,0,2,2.59,0,0,3.22,3,20000,1,1
1,0,0,2,3.11,0,0,3.38,3,20000,1,1
0,0,0,0,2.45,0,0,0.96,2,157500,1,0
0,1,1,0,2.87,0,0,2.18,4,15000,2,1
1,1,1,0,2.83,0,0,2.94,3,15000,1,1
0,1,1,0,2.73,0,0,2.14,5,9000,1,1
1,0,0,0,3.5,0,0,3.47,6,0,0,1
1,0,1,0,3.25,0,0,3.26,6,15000,1,1
1,0,0,0,3.06,0,0,2.75,10,32640,1,1
1,0,0,0,2.79,0,0,3.03,6,6000,1,1
1,0,0,0,2.85,0,0,2.75,6,6000,1,1
0,0,1,0,3.4,0,0,3.6,6,25000,1,1
1,0,1,0,3.15,0,0,3.03,6,15000,1,1
0,0,1,0,3.15,0,0,2.94,5,65000,1,1
0,0,1,0,2.99,0,0,3.81,6,33015,1,1
0,0,0,0,2.66,0,0,2.88,5,7500,1,1
1,0,1,0,3.6,0,0,3.68,5,5000,0,1
1,0,1,0,3.14,0,0,3.16,5,5000,0,1
1,0,1,0,3.45,0,0,3.12,5,9000,0,1
1,0,0,0,3.31,0,0,3.39,5,0,2,1
1,0,1,0,3.47,0,0,3.48,5,9500,1,1
1,0,1,0,3.61,0,0,3.36,5,6000,1,1
0,0,0,0,3.65,0,0,3.93,5,5000,3,1
1,0,1,0,3.31,0,0,2.6,6,7095,1,1
0,0,0,0,3.56,0,0,3.11,6,15000,1,1
0,0,0,0,3.08,0,0,1.46,3,7500,1,0
1,0,0,1,3.55,0,0,1.32,0,3000,1,0
1,0,1,0,3.03,0,0,3.57,6,15000,1,1
1,0,0,0,3.27,0,0,3.32,5,0,0,1
1,0,1,0,2.91,1,0,2.8,7,25000,1,1
0,0,0,0,2.95,0,0,2.8,6,15000,1,1
1,1,1,2,2.31,0,0,1.77,2,20000,1,0
1,1,1,0,2.98,1,0,3.12,8,18000,1,1
1,1,1,0,3.06,0,0,3.46,10,10000,3,1
1,1,1,2,2.71,0,0,3.24,9,5500,1,1
0,1,1,0,2.63,0,0,3.37,9,4000,0,1
1,1,1,2,3.12,0,0,2.76,8,26500,1,1
0,1,0,0,2.17,0,0,2.5,9,10000,3,1
1,0,0,2,3.31,0,0,2.73,10,25000,1,1
0,0,0,0,3.14,0,0,2.76,8,3250,3,1
1,0,1,0,3.22,0,0,2.28,9,12000,0,1
0,0,1,2,3.32,0,0,3.4,9,22500,1,1
0,0,1,2,3.09,0,0,2.01,3,10000,1,0
1,0,0,2,3.26,0,0,3.14,9,8000,1,1
1,0,0,0,3.9,1,0,3.37,9,10000,1,1
1,0,1,2,3.66,0,0,3.14,9,10000,1,1
0,0,1,0,2.76,0,0,2.28,10,25000,1,1
1,0,1,2,3.4,0,0,3.26,9,10000,3,1
1,0,0,0,3.61,1,0,3.72,8,8250,1,1
1,0,0,0,3.81,1,0,3.13,10,4000,1,1
0,0,1,2,2.4,0,1,2.73,10,10000,1,1
1,0,0,2,3.5,0,0,3.27,2,8000,1,0
0,0,1,0,2.89,0,0,3.46,9,35000,1,1
1,0,1,0,3.64,0,0,3.14,9,30000,1,1
1,0,1,2,2.26,0,0,2.47,9,22500,1,1
1,0,1,0,2.89,0,0,2.47,10,25000,1,1
1,0,0,0,3.57,0,0,3.62,8,5000,1,1
0,1,1,2,2.85,0,0,3.12,10,20000,1,1
1,1,0,2,3.17,0,0,2.81,10,3000,0,1
0,1,0,2,2.02,0,0,2.01,13,15000,1,1
1,1,0,0,2.12,0,0,2.2,9,45000,2,1
1,1,1,0,2.03,0,0,2.01,10,24000,1,1
0,1,1,0,2.58,0,0,2.08,12,85000,1,1
0,1,0,2,2.08,0,0,2.04,11,7500,1,1
0,1,1,0,2.85,0,0,2.58,8,56000,1,1
1,1,0,2,3.04,0,0,2.56,3,20000,2,0
0,1,0,0,2.99,0,0,1.87,8,19000,1,1
1,1,0,2,2.84,1,0,2.07,9,35000,1,1
0,1,0,0,2.71,0,0,3.27,7,22000,2,1
1,1,1,2,3.01,0,0,2.59,8,17500,1,1
1,1,1,2,3.17,0,0,1.75,7,17500,1,0
1,1,0,0,3.54,0,0,2.83,7,8250,1,1
1,1,0,0,2.69,0,0,3.16,7,99999,3,1
1,1,1,0,2.41,0,0,1.68,3,52999,3,0
0,1,1,2,2.17,0,0,0,1,52249,3,0
1,1,1,2,3.63,1,0,3.39,7,9500,1,1
1,1,0,0,2.91,0,0,3.03,7,10000,1,1
1,1,0,2,2.86,0,1,2.87,7,4750,1,1
1,1,1,0,2.56,1,0,2.85,9,17500,1,1
1,1,1,2,3.63,0,0,3.14,7,9000,1,1
1,1,0,0,3.39,0,0,2.91,9,4150,0,1
1,1,0,0,3.34,1,0,2.57,7,13500,1,1
1,1,0,2,2.87,0,0,2.93,3,28500,1,0
0,0,1,0,2.26,0,0,2.27,6,12000,1,1
1,0,0,0,3.34,0,0,2.69,7,32500,1,1
0,0,1,0,2.81,1,0,1.94,5,53749,3,1
1,0,1,2,2.97,0,0,2.64,6,65000,1,1
1,0,0,0,2.72,0,0,2.67,6,15000,1,1
1,0,1,0,3.04,0,0,3.15,5,20000,1,1
0,0,1,0,3.24,0,1,2.62,5,70000,1,1
0,0,1,0,2.59,1,0,2.12,5,30000,1,1
1,0,1,0,2.83,0,0,3.03,5,59025,1,1
1,0,1,0,3.19,0,0,2.6,5,10000,0,1
1,0,0,0,3.31,0,0,2.81,5,24450,0,1
1,0,0,0,2.87,0,0,2.22,7,23480,2,1
1,0,0,0,2.34,0,0,2.27,7,75000,1,1
0,0,1,0,3.62,1,0,3.3,5,30000,1,1
1,0,1,0,3.01,0,0,2.17,5,15000,1,1
0,0,0,0,2.63,0,0,2.16,5,15000,1,1
1,0,1,2,3.28,0,0,2.87,5,79999,3,1
0,1,0,0,2.39,0,0,0.81,0,47500,1,0
1,1,0,0,2.39,0,0,3.02,9,13000,1,1
1,1,0,0,2.07,0,0,1.82,6,25000,1,0
0,1,1,0,2.86,0,0,3.24,7,4500,1,1
1,1,0,0,2.97,0,0,2.7,9,15000,2,1
1,1,1,0,2.88,0,0,2.88,7,2750,2,1
1,0,1,0,3.21,0,0,3.3,8,17500,1,1
1,0,1,2,3.3,0,0,1.94,4,5000,3,0
1,0,1,0,3.17,0,0,3.13,9,22995,1,1
0,0,0,0,1.96,0,0,0,1,29840,1,0
1,0,0,0,2.53,0,0,2.36,10,12000,1,1
1,0,1,0,2.64,0,0,2.28,10,2500,3,1
1,0,1,0,2.37,0,0,2.29,11,12000,1,1
0,0,1,0,3.33,0,0,3.39,9,33000,1,1
1,0,1,0,3.27,0,0,2.47,10,151500,1,1
1,0,0,0,2.41,1,0,2.28,11,10000,1,1
0,0,0,0,3.4,0,0,3.08,9,6000,1,1
0,0,1,0,3.74,0,0,3.95,9,20000,1,1
0,0,1,0,2.97,1,0,2.98,8,4500,3,1
1,0,1,0,3.7,0,0,2.91,8,0,3,1
1,0,1,0,3.47,1,0,2.59,9,32220,1,1
1,0,0,0,3.35,0,0,2.85,9,12500,1,1
1,0,1,0,3.14,0,0,2.21,10,7500,1,1
1,0,1,0,3.04,0,0,2.77,10,31000,1,1
1,0,1,0,3.4,0,0,2.88,10,3250,1,1
0,0,0,0,3.57,0,0,3.63,8,20000,1,1
1,0,1,0,2.53,0,0,2.66,9,10000,1,1
1,0,0,0,3.38,0,0,3.34,8,5000,3,1
1,0,1,0,3.86,0,0,3.2,9,25000,1,1
1,0,1,0,3.29,0,0,2.83,9,17000,1,1
1,0,0,0,3.38,0,0,3.57,9,8000,1,1
1,0,1,0,3.3,0,0,2.87,10,13500,1,1
1,0,1,0,2.9,0,0,2.36,9,4500,3,1
0,1,0,0,2.51,0,0,2.29,10,15250,1,1
1,1,0,0,3.68,0,0,3.02,8,15000,2,1
1,1,0,0,2.89,0,0,3.18,8,7100,2,1
1,1,0,0,3.12,0,0,2.17,11,50155,1,1
1,1,0,0,3.03,0,0,3.04,9,27500,1,1
1,1,0,2,2.91,0,0,2.52,9,8800,1,1
1,1,0,2,2.35,0,0,0.59,1,12500,0,0
0,1,0,0,2.18,0,0,2.33,9,74999,3,1
1,1,1,2,2.85,0,0,2.3,9,42500,1,1
1,1,1,2,2.84,0,0,2.82,10,25000,1,1
0,1,1,0,3.06,0,0,2.66,9,50000,1,1
1,1,1,2,3.07,0,0,2.53,10,27500,1,1
1,1,1,0,3.39,0,0,2.7,9,15000,1,1
1,1,1,0,2.72,0,0,2.42,10,7500,1,1
0,1,0,2,2.65,0,0,2.68,10,17500,1,1
1,1,1,0,2.95,0,0,3.39,9,10000,0,1
1,1,0,2,3.02,0,0,2.46,10,58999,3,1
0,0,1,2,2.84,0,0,2.7,10,15000,1,1
1,0,1,0,2.73,0,0,2.1,11,5000,1,1
0,0,0,0,3.03,0,0,3.86,8,40000,1,1
1,0,0,0,3.13,1,0,3.39,8,60000,1,1
1,0,1,2,3.12,0,0,2.29,12,4500,2,1
1,0,0,2,3.98,0,0,3.81,10,45000,1,1
1,0,1,0,3.17,0,0,2.38,9,55849,3,1
1,0,0,2,3.11,0,0,3.06,8,27500,1,1
1,0,0,0,3.26,0,0,2.94,9,30000,1,1
1,0,1,0,3.63,0,0,0.82,1,25000,1,0
0,0,1,0,3.25,0,0,2.87,8,40000,1,1
0,0,0,0,2.76,0,0,2.27,9,20110,1,1
1,0,0,2,3.26,0,0,2.69,2,33820,2,0
0,0,1,0,3.09,0,0,2.85,8,25000,1,1
1,0,0,0,3.51,0,0,3.42,8,10000,0,1
0,0,0,2,3.18,1,0,2.9,10,40000,1,1
1,0,1,0,3.7,0,0,3.33,8,31000,1,1
1,0,1,0,3.32,1,0,3.1,8,55749,3,1
0,0,1,0,3.2,0,0,3.24,4,42500,1,1
1,0,1,0,3.42,0,0,2.53,1,12500,1,0
1,0,1,2,2.94,0,0,3.26,3,42500,1,1
0,0,1,0,3.62,1,0,3.37,3,15500,1,1
1,0,1,0,3.2,0,0,3.38,3,19500,1,1
0,0,0,0,2.34,0,0,2.31,3,31000,1,1
0,1,0,0,2.22,0,0,2.97,3,8500,0,1
1,1,1,0,2.5,0,0,2.38,3,12500,1,1
1,1,1,0,2.51,0,0,2.59,3,57499,3,1
1,1,1,0,2.91,0,0,3.01,3,13000,1,1
0,1,0,2,2.19,0,0,2.81,3,34000,1,1
1,1,0,0,3.14,0,0,3.64,3,12500,1,1
0,1,1,2,3.39,0,0,3.85,3,37500,1,1
1,1,0,2,2.84,0,1,2.93,3,300,1,1
0,1,0,2,2.23,0,0,2.48,3,15000,1,1
0,1,1,2,2.41,0,0,1.09,1,50000,1,0
0,1,1,2,2.64,0,0,3.21,3,22500,1,1
1,1,1,0,3.08,0,0,3.12,3,8000,1,1
0,1,1,2,2.83,0,1,0.71,1,5000,1,0
0,1,1,0,1.9,0,0,0.12,1,45000,1,0
1,1,0,0,2.51,0,0,2.59,3,25000,0,1
0,1,0,2,2.47,0,0,0.93,2,15000,1,0
1,1,1,0,2.57,0,0,2.48,3,22500,1,1
1,1,0,2,2.32,0,0,2.31,3,7500,1,1
1,1,1,0,2.93,0,0,0,1,35000,1,0
0,1,0,0,2.31,0,0,0,1,54999,3,1
1,1,1,0,2.59,0,0,3.4,1,10000,1,1
